-- MySQL dump 10.13  Distrib 5.5.17, for Linux (x86_64)
--
-- Host: localhost    Database: bettertoday
-- ------------------------------------------------------
-- Server version	5.5.17-log

/*!40101 SET @OLD_CHARACTER_SET_CLIENT=@@CHARACTER_SET_CLIENT */;
/*!40101 SET @OLD_CHARACTER_SET_RESULTS=@@CHARACTER_SET_RESULTS */;
/*!40101 SET @OLD_COLLATION_CONNECTION=@@COLLATION_CONNECTION */;
/*!40101 SET NAMES utf8 */;
/*!40103 SET @OLD_TIME_ZONE=@@TIME_ZONE */;
/*!40103 SET TIME_ZONE='+00:00' */;
/*!40014 SET @OLD_UNIQUE_CHECKS=@@UNIQUE_CHECKS, UNIQUE_CHECKS=0 */;
/*!40014 SET @OLD_FOREIGN_KEY_CHECKS=@@FOREIGN_KEY_CHECKS, FOREIGN_KEY_CHECKS=0 */;
/*!40101 SET @OLD_SQL_MODE=@@SQL_MODE, SQL_MODE='NO_AUTO_VALUE_ON_ZERO' */;
/*!40111 SET @OLD_SQL_NOTES=@@SQL_NOTES, SQL_NOTES=0 */;

--
-- Table structure for table `member_word_history`
--

DROP TABLE IF EXISTS `member_word_history`;
/*!40101 SET @saved_cs_client     = @@character_set_client */;
/*!40101 SET character_set_client = utf8 */;
CREATE TABLE `member_word_history` (
  `history_id` int(11) NOT NULL AUTO_INCREMENT,
  `member_id` varchar(12) NOT NULL,
  `member_level` int(11) NOT NULL,
  `question_id` int(11) NOT NULL,
  `date_created` datetime NOT NULL,
  `count_tried` int(11) NOT NULL COMMENT '문제를 몇번만에 맞추었는지\n',
  `weight` decimal(7,4) NOT NULL DEFAULT '50.0000',
  `score` decimal(7,4) NOT NULL DEFAULT '0.0000',
  PRIMARY KEY (`history_id`),
  KEY `fk_member_id_idx` (`member_id`),
  KEY `fk_question_id_idx` (`question_id`)
) ENGINE=MyISAM AUTO_INCREMENT=2590 DEFAULT CHARSET=utf8;
/*!40101 SET character_set_client = @saved_cs_client */;

--
-- Dumping data for table `member_word_history`
--

LOCK TABLES `member_word_history` WRITE;
/*!40000 ALTER TABLE `member_word_history` DISABLE KEYS */;
INSERT INTO `member_word_history` VALUES (1363,'wisesia',4,9,'2017-12-05 21:43:21',1,50.0000,50.0000),(1362,'wisesia',4,87,'2017-12-05 21:43:21',2,50.0000,25.0000),(1361,'wisesia',4,77,'2017-12-05 21:43:21',1,52.6000,52.6000),(1360,'wisesia',4,31,'2017-12-05 21:43:21',1,50.0000,50.0000),(1359,'wisesia',4,36,'2017-12-05 21:43:21',1,32.8000,32.8000),(1358,'wisesia',4,101,'2017-12-05 21:43:21',2,50.0000,25.0000),(1357,'wisesia',4,15,'2017-12-05 21:43:21',1,53.1000,53.1000),(1356,'wisesia',4,38,'2017-12-05 21:43:21',1,45.8000,45.8000),(1355,'wisesia',4,63,'2017-12-05 21:43:21',3,50.0000,12.5000),(1354,'wisesia',4,48,'2017-12-05 21:43:21',1,47.6000,47.6000),(1353,'wisesia',4,71,'2017-12-05 21:42:20',1,50.0000,50.0000),(1352,'wisesia',4,22,'2017-12-05 21:42:20',1,47.6000,47.6000),(1351,'wisesia',4,93,'2017-12-05 21:42:20',1,50.0000,50.0000),(1350,'wisesia',4,34,'2017-12-05 21:42:20',1,56.2000,56.2000),(1349,'wisesia',4,46,'2017-12-05 21:42:20',1,50.0000,50.0000),(1348,'wisesia',4,67,'2017-12-05 21:42:20',1,50.0000,50.0000),(1347,'wisesia',4,70,'2017-12-05 21:42:20',1,50.0000,50.0000),(1346,'wisesia',4,110,'2017-12-05 21:42:20',1,44.0000,44.0000),(1345,'wisesia',4,75,'2017-12-05 21:42:20',1,50.0000,50.0000),(1344,'wisesia',4,69,'2017-12-05 21:42:20',2,50.0000,25.0000),(1343,'wisesia',4,71,'2017-12-05 21:42:18',1,50.0000,50.0000),(1342,'wisesia',4,22,'2017-12-05 21:42:18',1,47.6000,47.6000),(1341,'wisesia',4,93,'2017-12-05 21:42:18',1,50.0000,50.0000),(1340,'wisesia',4,34,'2017-12-05 21:42:18',1,56.2000,56.2000),(1339,'wisesia',4,46,'2017-12-05 21:42:18',1,50.0000,50.0000),(1338,'wisesia',4,67,'2017-12-05 21:42:18',1,50.0000,50.0000),(1337,'wisesia',4,70,'2017-12-05 21:42:18',1,50.0000,50.0000),(1336,'wisesia',4,110,'2017-12-05 21:42:18',1,44.0000,44.0000),(1335,'wisesia',4,75,'2017-12-05 21:42:18',1,50.0000,50.0000),(1334,'wisesia',4,69,'2017-12-05 21:42:18',2,50.0000,25.0000),(1333,'bettertoday',4,50,'2017-12-05 16:58:57',1,46.0000,46.0000),(1330,'bettertoday',4,40,'2017-12-05 16:34:31',1,50.0000,50.0000),(1329,'bettertoday',4,15,'2017-12-05 16:34:09',1,50.0000,50.0000),(1328,'bettertoday',4,59,'2017-12-05 16:34:09',1,51.0000,51.0000),(1327,'bettertoday',4,110,'2017-12-05 16:34:09',1,50.0000,50.0000),(1326,'bettertoday',4,56,'2017-12-05 16:34:09',1,50.0000,50.0000),(1325,'bettertoday',4,10,'2017-12-05 16:34:09',1,50.0000,50.0000),(1324,'bettertoday',4,44,'2017-12-05 16:34:09',1,50.0000,50.0000),(1322,'bettertoday',4,26,'2017-12-05 16:34:09',1,50.0000,50.0000),(1321,'bettertoday',4,89,'2017-12-05 16:34:09',1,50.0000,50.0000),(1320,'bettertoday',4,57,'2017-12-05 16:34:09',1,50.0000,50.0000),(1318,'bettertoday',4,16,'2017-12-05 16:33:34',1,50.0000,50.0000),(1317,'bettertoday',4,26,'2017-12-05 16:33:34',1,50.0000,50.0000),(1316,'bettertoday',4,65,'2017-12-05 16:33:34',1,50.0000,50.0000),(1315,'bettertoday',4,96,'2017-12-05 16:33:34',1,50.0000,50.0000),(1313,'bettertoday',4,99,'2017-12-05 16:33:34',1,50.0000,50.0000),(1312,'bettertoday',4,92,'2017-12-05 16:33:34',1,50.0000,50.0000),(1311,'bettertoday',4,70,'2017-12-05 16:33:34',1,48.4000,48.4000),(1310,'bettertoday',4,50,'2017-12-05 16:33:34',1,52.2000,52.2000),(1309,'bettertoday',4,80,'2017-12-05 16:32:56',1,50.0000,50.0000),(2582,'bettertoday',5,93,'2017-12-10 21:38:39',1,76.1429,76.1429),(1306,'bettertoday',4,60,'2017-12-05 16:32:56',1,50.0000,50.0000),(1305,'bettertoday',4,69,'2017-12-05 16:32:56',1,48.1333,48.1333),(1304,'bettertoday',4,39,'2017-12-05 16:32:56',1,50.0000,50.0000),(1301,'bettertoday',4,72,'2017-12-05 16:32:56',1,54.6667,54.6667),(1300,'bettertoday',4,74,'2017-12-05 16:32:56',1,50.0000,50.0000),(1299,'bettertoday',4,69,'2017-12-05 16:19:46',1,48.9600,48.9600),(1297,'bettertoday',4,99,'2017-12-05 16:19:46',1,56.4000,56.4000),(1295,'bettertoday',4,74,'2017-12-05 15:07:23',1,50.0000,50.0000),(1294,'bettertoday',4,32,'2017-12-05 15:07:12',1,45.6000,45.6000),(1291,'bettertoday',4,101,'2017-12-03 14:50:58',1,50.0000,50.0000),(1290,'bettertoday',4,26,'2017-12-03 14:50:58',1,50.0000,50.0000),(1289,'bettertoday',4,44,'2017-12-03 14:50:58',1,50.0000,50.0000),(1288,'bettertoday',4,42,'2017-12-03 14:50:58',1,50.0000,50.0000),(2575,'bettertoday',5,126,'2017-12-10 21:38:02',1,59.9999,59.9999),(1286,'bettertoday',4,51,'2017-12-03 14:50:58',1,47.7333,47.7333),(2573,'bettertoday',5,56,'2017-12-10 21:38:02',1,59.9999,59.9999),(2574,'bettertoday',5,31,'2017-12-10 21:38:02',1,59.9999,59.9999),(1281,'bettertoday',4,62,'2017-12-03 14:50:38',1,52.6000,52.6000),(1280,'bettertoday',4,94,'2017-12-03 14:50:38',1,50.0000,50.0000),(1279,'bettertoday',4,101,'2017-12-03 14:50:38',1,50.0000,50.0000),(1278,'bettertoday',4,67,'2017-12-03 14:50:38',1,49.9333,49.9333),(1277,'bettertoday',4,92,'2017-12-03 14:50:38',1,50.0000,50.0000),(1275,'bettertoday',4,55,'2017-12-03 14:50:07',1,50.0000,50.0000),(1274,'bettertoday',4,62,'2017-12-03 14:50:07',1,52.6000,52.6000),(1271,'bettertoday',4,85,'2017-12-03 14:50:07',1,50.0000,50.0000),(2571,'bettertoday',5,76,'2017-12-10 21:38:02',1,74.4000,74.4000),(2572,'bettertoday',5,85,'2017-12-10 21:38:02',1,61.4000,61.4000),(1268,'bettertoday',4,100,'2017-12-03 14:50:07',1,52.6000,52.6000),(1267,'bettertoday',4,90,'2017-12-03 14:50:07',1,50.0000,50.0000),(1266,'bettertoday',4,77,'2017-12-03 14:50:07',1,52.6000,52.6000),(1265,'bettertoday',4,72,'2017-12-03 14:49:37',1,55.0800,55.0800),(1264,'bettertoday',4,69,'2017-12-03 14:49:37',1,50.2000,50.2000),(1263,'bettertoday',4,32,'2017-12-03 14:49:37',1,45.6000,45.6000),(1261,'bettertoday',4,60,'2017-12-03 14:49:37',1,50.0000,50.0000),(1260,'bettertoday',4,100,'2017-12-03 14:49:37',1,50.0000,50.0000),(1257,'bettertoday',4,102,'2017-12-03 14:49:37',1,50.0000,50.0000),(1254,'bettertoday',4,89,'2017-12-03 14:49:03',1,50.0000,50.0000),(1253,'bettertoday',4,48,'2017-12-03 14:49:03',1,50.0000,50.0000),(1252,'bettertoday',4,70,'2017-12-03 14:49:03',1,48.4000,48.4000),(1251,'bettertoday',4,62,'2017-12-03 14:49:03',1,52.6000,52.6000),(1250,'bettertoday',4,103,'2017-12-03 14:49:03',1,50.2000,50.2000),(1249,'bettertoday',4,38,'2017-12-03 14:49:03',1,50.0000,50.0000),(1247,'bettertoday',4,40,'2017-12-03 14:49:03',1,46.3600,46.3600),(1246,'bettertoday',4,61,'2017-12-03 14:49:03',1,46.5000,46.5000),(1245,'bettertoday',4,57,'2017-12-03 14:48:29',1,50.0000,50.0000),(1240,'bettertoday',4,60,'2017-12-03 14:48:29',1,50.0000,50.0000),(1239,'bettertoday',4,36,'2017-12-03 14:48:29',1,50.0000,50.0000),(2586,'bettertoday',5,60,'2017-12-10 21:38:39',1,59.9999,59.9999),(2587,'bettertoday',5,128,'2017-12-10 21:38:39',1,59.9999,59.9999),(1235,'bettertoday',4,102,'2017-12-03 14:47:51',1,50.0000,50.0000),(1234,'bettertoday',4,29,'2017-12-03 14:47:51',1,48.4000,48.4000),(1231,'bettertoday',4,89,'2017-12-03 14:47:51',1,50.0000,50.0000),(1230,'bettertoday',4,82,'2017-12-03 14:47:51',1,50.0000,50.0000),(1229,'bettertoday',4,39,'2017-12-03 14:47:51',1,45.8000,45.8000),(1226,'bettertoday',4,54,'2017-12-03 14:47:51',1,50.0000,50.0000),(1224,'bettertoday',4,15,'2017-12-03 14:47:18',1,56.2000,56.2000),(1222,'bettertoday',4,39,'2017-12-03 14:47:18',1,45.8000,45.8000),(1220,'bettertoday',4,40,'2017-12-03 14:47:18',1,50.0000,50.0000),(1219,'bettertoday',4,60,'2017-12-03 14:47:18',1,50.0000,50.0000),(1218,'bettertoday',4,54,'2017-12-03 14:47:18',1,50.0000,50.0000),(1216,'bettertoday',4,65,'2017-12-03 14:47:18',1,45.5333,45.5333),(2578,'bettertoday',5,75,'2017-12-10 21:38:02',1,59.9999,59.9999),(1214,'bettertoday',4,40,'2017-12-03 14:46:40',1,49.6667,49.6667),(1213,'bettertoday',4,82,'2017-12-03 14:46:40',1,47.6000,47.6000),(1210,'bettertoday',4,100,'2017-12-03 14:46:40',1,50.0000,50.0000),(1207,'bettertoday',4,77,'2017-12-03 14:46:40',1,52.6000,52.6000),(1205,'bettertoday',4,66,'2017-12-03 14:46:05',1,50.0000,50.0000),(1203,'bettertoday',4,36,'2017-12-03 14:46:05',1,50.0000,50.0000),(1202,'bettertoday',4,22,'2017-12-03 14:46:05',1,47.6000,47.6000),(1201,'bettertoday',4,67,'2017-12-03 14:46:05',1,52.0000,52.0000),(1200,'bettertoday',4,70,'2017-12-03 14:46:05',1,48.4000,48.4000),(1199,'bettertoday',4,72,'2017-12-03 14:46:05',1,50.0000,50.0000),(1198,'bettertoday',4,60,'2017-12-03 14:46:05',1,50.0000,50.0000),(1197,'bettertoday',4,58,'2017-12-03 14:46:05',1,46.0000,46.0000),(2566,'bettertoday',5,55,'2017-12-10 21:37:20',1,73.5333,73.5333),(1195,'bettertoday',4,100,'2017-12-03 14:45:34',1,52.6000,52.6000),(1194,'bettertoday',4,51,'2017-12-03 14:45:34',1,47.7333,47.7333),(1193,'bettertoday',4,10,'2017-12-03 14:45:34',1,50.0000,50.0000),(1192,'bettertoday',4,93,'2017-12-03 14:45:34',1,52.6000,52.6000),(2564,'bettertoday',5,126,'2017-12-10 21:37:20',1,59.9999,59.9999),(1189,'bettertoday',4,80,'2017-12-03 14:45:34',1,50.0000,50.0000),(2570,'bettertoday',5,66,'2017-12-10 21:38:02',1,59.9999,59.9999),(1187,'bettertoday',4,26,'2017-12-03 14:45:34',1,50.0000,50.0000),(1186,'bettertoday',4,62,'2017-12-03 14:45:34',1,58.8000,58.8000),(1184,'bettertoday',4,109,'2017-12-03 14:44:58',1,50.0000,50.0000),(1182,'bettertoday',4,103,'2017-12-03 14:44:58',1,56.4000,56.4000),(1180,'bettertoday',4,19,'2017-12-03 14:44:58',1,46.0000,46.0000),(1179,'bettertoday',4,77,'2017-12-03 14:44:58',1,52.6000,52.6000),(1178,'bettertoday',4,40,'2017-12-03 14:44:58',1,53.8000,53.8000),(1177,'bettertoday',4,19,'2017-12-03 14:44:58',1,50.0000,50.0000),(1176,'bettertoday',4,22,'2017-12-03 14:44:58',1,53.8000,53.8000),(2583,'bettertoday',5,121,'2017-12-10 21:38:39',1,59.9999,59.9999),(2584,'bettertoday',5,122,'2017-12-10 21:38:39',1,59.9999,59.9999),(2585,'bettertoday',5,98,'2017-12-10 21:38:39',1,59.9999,59.9999),(1172,'bettertoday',4,69,'2017-12-03 14:44:25',1,50.0000,50.0000),(1171,'bettertoday',4,100,'2017-12-03 14:44:25',1,50.0000,50.0000),(1169,'bettertoday',4,16,'2017-12-03 14:44:25',1,50.0000,50.0000),(1168,'bettertoday',4,15,'2017-12-03 14:44:25',1,62.4000,62.4000),(1167,'bettertoday',4,72,'2017-12-03 14:44:25',1,56.7333,56.7333),(1166,'bettertoday',4,32,'2017-12-03 14:44:25',1,45.6000,45.6000),(1165,'wisesia',4,100,'2017-12-02 23:19:45',1,52.6000,52.6000),(1164,'wisesia',4,27,'2017-12-02 23:19:45',1,28.6000,28.6000),(1163,'wisesia',4,67,'2017-12-02 23:19:45',1,58.2000,58.2000),(1162,'wisesia',4,35,'2017-12-02 23:19:45',1,50.0000,50.0000),(1161,'wisesia',4,81,'2017-12-02 23:19:45',1,50.0000,50.0000),(1160,'wisesia',4,63,'2017-12-02 23:19:45',1,50.0000,50.0000),(1159,'wisesia',4,60,'2017-12-02 23:19:45',1,50.0000,50.0000),(1158,'wisesia',4,48,'2017-12-02 23:19:45',2,47.6000,23.8000),(1157,'wisesia',4,18,'2017-12-02 23:19:45',1,50.0000,50.0000),(1156,'wisesia',4,49,'2017-12-02 23:19:45',1,50.0000,50.0000),(1155,'wisesia',4,67,'2017-12-02 23:18:54',2,52.0000,26.0000),(1154,'wisesia',4,46,'2017-12-02 23:18:54',1,46.0000,46.0000),(1153,'wisesia',4,88,'2017-12-02 23:18:54',1,44.0000,44.0000),(1152,'wisesia',4,89,'2017-12-02 23:18:54',1,50.0000,50.0000),(1151,'wisesia',4,37,'2017-12-02 23:18:54',2,50.0000,25.0000),(1150,'wisesia',4,69,'2017-12-02 23:18:54',1,56.4000,56.4000),(1149,'wisesia',4,98,'2017-12-02 23:18:54',1,50.0000,50.0000),(1148,'wisesia',4,11,'2017-12-02 23:18:54',1,50.0000,50.0000),(1147,'wisesia',4,22,'2017-12-02 23:18:54',2,47.6000,23.8000),(1146,'wisesia',4,32,'2017-12-02 23:18:54',1,45.6000,45.6000),(1145,'wisesia',4,52,'2017-12-02 23:18:05',1,28.6000,28.6000),(1144,'wisesia',4,88,'2017-12-02 23:18:05',1,50.0000,50.0000),(1143,'wisesia',4,11,'2017-12-02 23:18:05',3,37.2000,9.3000),(1142,'wisesia',4,39,'2017-12-02 23:18:05',1,45.8000,45.8000),(1141,'wisesia',4,69,'2017-12-02 23:18:05',2,50.0000,25.0000),(1140,'wisesia',4,38,'2017-12-02 23:18:05',1,50.0000,50.0000),(1139,'wisesia',4,34,'2017-12-02 23:18:05',3,50.0000,12.5000),(1138,'wisesia',4,47,'2017-12-02 23:18:05',1,43.4000,43.4000),(1137,'wisesia',4,24,'2017-12-02 23:18:05',1,42.4000,42.4000),(1136,'wisesia',4,76,'2017-12-02 23:18:05',1,44.0000,44.0000),(1135,'wisesia',4,23,'2017-12-02 23:17:08',1,50.0000,50.0000),(1134,'wisesia',4,72,'2017-12-02 23:17:08',1,50.0000,50.0000),(1133,'wisesia',4,65,'2017-12-02 23:17:08',3,41.4000,10.3500),(1132,'wisesia',4,76,'2017-12-02 23:17:08',1,50.0000,50.0000),(1131,'wisesia',4,25,'2017-12-02 23:17:08',1,50.0000,50.0000),(1130,'wisesia',4,59,'2017-12-02 23:17:08',1,50.0000,50.0000),(1129,'wisesia',4,32,'2017-12-02 23:17:08',1,45.6000,45.6000),(1128,'wisesia',4,39,'2017-12-02 23:17:08',1,50.0000,50.0000),(1127,'wisesia',4,60,'2017-12-02 23:17:08',1,50.0000,50.0000),(1126,'wisesia',4,45,'2017-12-02 23:17:08',1,50.0000,50.0000),(1125,'wisesia',4,77,'2017-12-02 23:16:27',1,58.8000,58.8000),(1124,'wisesia',4,49,'2017-12-02 23:16:27',1,39.0800,39.0800),(1123,'wisesia',4,63,'2017-12-02 23:16:27',1,45.1333,45.1333),(1122,'wisesia',4,76,'2017-12-02 23:16:27',1,50.0000,50.0000),(1121,'wisesia',4,33,'2017-12-02 23:16:27',1,38.9333,38.9333),(1120,'wisesia',4,103,'2017-12-02 23:16:27',3,50.0000,12.5000),(1119,'wisesia',4,11,'2017-12-02 23:16:27',1,50.0000,50.0000),(1118,'wisesia',4,16,'2017-12-02 23:16:27',1,50.0000,50.0000),(1117,'wisesia',4,24,'2017-12-02 23:16:27',1,42.4000,42.4000),(1116,'wisesia',4,93,'2017-12-02 23:16:27',1,58.8000,58.8000),(1115,'wisesia',4,39,'2017-12-02 23:15:47',1,52.0000,52.0000),(1114,'wisesia',4,17,'2017-12-02 23:15:47',1,50.0000,50.0000),(1113,'wisesia',4,35,'2017-12-02 23:15:47',1,46.0000,46.0000),(1112,'wisesia',4,51,'2017-12-02 23:15:47',1,47.7333,47.7333),(1111,'wisesia',4,29,'2017-12-02 23:15:47',1,54.6000,54.6000),(1110,'wisesia',4,30,'2017-12-02 23:15:47',1,50.0000,50.0000),(1109,'wisesia',4,44,'2017-12-02 23:15:47',1,37.2000,37.2000),(1108,'wisesia',4,56,'2017-12-02 23:15:47',1,39.8000,39.8000),(1107,'wisesia',4,33,'2017-12-02 23:15:47',1,45.1333,45.1333),(1106,'wisesia',4,26,'2017-12-02 23:15:47',1,43.4000,43.4000),(1105,'pianopiano',3,52,'2017-12-02 23:08:15',1,50.0000,50.0000),(1104,'pianopiano',3,53,'2017-12-02 23:08:15',1,46.0000,46.0000),(1103,'pianopiano',3,10,'2017-12-02 23:06:14',1,50.0000,50.0000),(1102,'pianopiano',3,93,'2017-12-02 23:06:14',4,58.8000,0.0000),(1101,'pianopiano',3,100,'2017-12-02 23:06:14',2,44.0000,22.0000),(1100,'pianopiano',3,43,'2017-12-02 23:06:14',1,37.2000,37.2000),(1099,'pianopiano',3,34,'2017-12-02 23:05:46',2,50.0000,25.0000),(1098,'pianopiano',3,101,'2017-12-02 23:05:46',1,50.0000,50.0000),(1097,'pianopiano',3,39,'2017-12-02 23:05:46',2,50.0000,25.0000),(1096,'pianopiano',3,51,'2017-12-02 23:05:46',1,53.4667,53.4667),(1095,'pianopiano',3,94,'2017-12-02 23:05:46',1,50.0000,50.0000),(1094,'pianopiano',3,59,'2017-12-02 23:05:46',4,48.6000,0.0000),(1093,'pianopiano',3,25,'2017-12-02 23:05:46',1,50.0000,50.0000),(1092,'pianopiano',3,16,'2017-12-02 23:05:46',2,50.0000,25.0000),(1091,'pianopiano',3,72,'2017-12-02 23:05:46',2,50.0000,25.0000),(1090,'pianopiano',3,60,'2017-12-02 23:05:46',3,50.0000,12.5000),(1089,'pianopiano',3,96,'2017-12-02 23:04:27',1,44.0000,44.0000),(1088,'pianopiano',3,49,'2017-12-02 23:04:27',1,47.6800,47.6800),(1087,'pianopiano',3,28,'2017-12-02 23:04:27',1,47.6000,47.6000),(1086,'pianopiano',3,80,'2017-12-02 23:04:27',1,50.0000,50.0000),(1085,'pianopiano',3,34,'2017-12-02 23:04:27',2,41.4000,20.7000),(1084,'pianopiano',3,74,'2017-12-02 23:04:27',1,50.0000,50.0000),(1083,'pianopiano',3,60,'2017-12-02 23:04:27',4,50.0000,0.0000),(1082,'pianopiano',3,36,'2017-12-02 23:04:27',1,41.4000,41.4000),(1081,'pianopiano',3,84,'2017-12-02 23:04:27',1,44.0000,44.0000),(1080,'pianopiano',3,42,'2017-12-02 23:04:27',1,31.4000,31.4000),(1079,'pianopiano',3,98,'2017-12-02 23:03:35',3,44.0000,11.0000),(1078,'pianopiano',3,72,'2017-12-02 23:03:35',2,50.0000,25.0000),(1077,'pianopiano',3,29,'2017-12-02 23:03:35',2,50.0000,25.0000),(1076,'pianopiano',3,38,'2017-12-02 23:03:35',2,50.0000,25.0000),(1075,'pianopiano',3,16,'2017-12-02 23:03:35',2,50.0000,25.0000),(1074,'pianopiano',3,51,'2017-12-02 23:03:35',2,53.4667,26.7333),(1073,'pianopiano',3,61,'2017-12-02 23:03:35',1,55.1000,55.1000),(1072,'pianopiano',3,77,'2017-12-02 23:03:35',3,50.0000,12.5000),(1071,'pianopiano',3,70,'2017-12-02 23:03:35',2,39.8000,19.9000),(1070,'pianopiano',3,42,'2017-12-02 23:03:35',1,40.0000,40.0000),(1069,'pianopiano',3,74,'2017-12-02 23:02:31',1,50.0000,50.0000),(1068,'pianopiano',3,23,'2017-12-02 23:02:31',1,46.0000,46.0000),(1067,'pianopiano',3,15,'2017-12-02 23:02:31',3,53.8000,13.4500),(1066,'pianopiano',3,67,'2017-12-02 23:02:31',2,43.4000,21.7000),(1065,'pianopiano',3,80,'2017-12-02 23:02:31',1,50.0000,50.0000),(1064,'pianopiano',3,62,'2017-12-02 23:02:31',2,50.0000,25.0000),(1063,'pianopiano',3,93,'2017-12-02 23:02:31',3,50.0000,12.5000),(1062,'pianopiano',3,27,'2017-12-02 23:02:31',1,37.2000,37.2000),(1061,'pianopiano',3,72,'2017-12-02 23:02:31',2,50.0000,25.0000),(1060,'pianopiano',3,51,'2017-12-02 23:02:31',2,50.0000,25.0000),(1059,'pianopiano',4,81,'2017-12-02 23:01:22',1,50.0000,50.0000),(1058,'pianopiano',4,41,'2017-12-02 23:01:22',1,50.0000,50.0000),(1057,'pianopiano',4,36,'2017-12-02 23:01:22',1,47.6000,47.6000),(1056,'pianopiano',4,37,'2017-12-02 23:01:22',1,39.8000,39.8000),(1055,'pianopiano',4,15,'2017-12-02 23:01:22',4,47.6000,0.0000),(1054,'pianopiano',4,54,'2017-12-02 23:01:22',2,46.0000,23.0000),(1053,'pianopiano',4,87,'2017-12-02 23:01:22',1,50.0000,50.0000),(1052,'pianopiano',4,43,'2017-12-02 23:01:22',1,43.4000,43.4000),(1051,'pianopiano',4,72,'2017-12-02 23:01:22',4,50.0000,0.0000),(1050,'pianopiano',4,27,'2017-12-02 23:01:22',1,43.4000,43.4000),(1049,'wisesia',4,40,'2017-12-02 22:55:02',2,53.8000,26.9000),(1047,'bettertoday',4,16,'2017-12-02 22:11:29',1,50.0000,50.0000),(1046,'bettertoday',4,81,'2017-12-02 22:11:29',1,50.0000,50.0000),(1045,'bettertoday',4,100,'2017-12-02 12:16:40',1,50.0000,50.0000),(1043,'bettertoday',4,96,'2017-12-02 12:16:30',1,50.0000,50.0000),(1042,'bettertoday',4,24,'2017-12-02 12:16:30',1,50.0000,50.0000),(1041,'bettertoday',4,32,'2017-12-02 12:16:30',1,50.0000,50.0000),(1040,'bettertoday',4,72,'2017-12-02 12:16:30',1,50.0000,50.0000),(1039,'bettertoday',4,98,'2017-12-02 12:16:30',1,50.0000,50.0000),(1038,'bettertoday',4,24,'2017-12-02 12:16:30',1,48.6000,48.6000),(1037,'bettertoday',4,34,'2017-12-02 12:16:30',1,47.6000,47.6000),(1036,'bettertoday',4,79,'2017-12-02 12:16:30',1,50.0000,50.0000),(1035,'bettertoday',4,11,'2017-12-02 12:16:30',1,50.0000,50.0000),(1034,'bettertoday',4,17,'2017-12-02 12:16:30',1,46.0000,46.0000),(1032,'bettertoday',4,80,'2017-12-02 12:16:00',1,50.0000,50.0000),(1030,'bettertoday',4,55,'2017-12-02 12:16:00',1,45.1333,45.1333),(1027,'bettertoday',4,10,'2017-12-02 12:16:00',1,50.0000,50.0000),(1025,'bettertoday',4,56,'2017-12-02 12:16:00',1,50.0000,50.0000),(1024,'bettertoday',4,51,'2017-12-02 12:16:00',1,51.0667,51.0667),(1023,'bettertoday',4,45,'2017-12-02 12:14:56',1,45.5000,45.5000),(1022,'bettertoday',4,37,'2017-12-02 12:14:56',1,46.0000,46.0000),(1021,'bettertoday',4,41,'2017-12-02 12:14:56',1,46.0000,46.0000),(1020,'bettertoday',4,79,'2017-12-02 12:14:56',1,48.6000,48.6000),(1019,'bettertoday',4,80,'2017-12-02 12:14:56',1,47.6000,47.6000),(1018,'bettertoday',4,75,'2017-12-02 12:14:56',1,50.0000,50.0000),(1017,'bettertoday',4,45,'2017-12-02 12:14:56',1,45.5000,45.5000),(1016,'bettertoday',4,44,'2017-12-02 12:14:56',1,50.0000,50.0000),(1015,'bettertoday',4,32,'2017-12-02 12:14:56',1,51.8000,51.8000),(1014,'bettertoday',4,9,'2017-12-02 12:14:56',1,50.0000,50.0000),(1013,'bettertoday',4,31,'2017-12-02 12:14:23',1,50.0000,50.0000),(1012,'bettertoday',4,84,'2017-12-02 12:14:23',1,50.2000,50.2000),(1010,'bettertoday',4,66,'2017-12-02 12:14:23',1,46.0000,46.0000),(1009,'bettertoday',4,65,'2017-12-02 12:14:23',1,50.0000,50.0000),(1008,'bettertoday',4,70,'2017-12-02 12:14:23',1,46.0000,46.0000),(1006,'bettertoday',4,60,'2017-12-02 12:14:23',1,47.6000,47.6000),(1004,'bettertoday',4,42,'2017-12-02 12:14:22',1,46.2000,46.2000),(803,'bettertoday',6,55,'2017-11-30 11:34:37',1,50.0000,50.0000),(804,'bettertoday',6,15,'2017-11-30 11:40:12',1,86.9778,86.9778),(805,'bettertoday',6,12,'2017-11-30 11:40:12',1,86.4000,86.4000),(806,'bettertoday',6,67,'2017-11-30 11:40:12',1,50.0000,50.0000),(809,'bettertoday',6,43,'2017-11-30 18:26:30',1,47.6000,47.6000),(2563,'bettertoday',5,114,'2017-12-10 21:37:20',1,67.9000,67.9000),(811,'bettertoday',6,25,'2017-11-30 18:26:30',1,50.0000,50.0000),(812,'bettertoday',6,71,'2017-11-30 18:26:30',1,50.0000,50.0000),(813,'bettertoday',6,15,'2017-11-30 18:26:30',1,50.0000,50.0000),(814,'bettertoday',6,40,'2017-11-30 18:26:30',1,47.6000,47.6000),(816,'bettertoday',6,57,'2017-11-30 18:26:30',1,50.0000,50.0000),(817,'bettertoday',6,49,'2017-11-30 18:26:30',1,47.6000,47.6000),(818,'bettertoday',6,45,'2017-11-30 18:27:01',1,47.6000,47.6000),(819,'bettertoday',6,33,'2017-11-30 18:27:01',1,50.0000,50.0000),(820,'bettertoday',6,38,'2017-11-30 18:27:01',1,50.0000,50.0000),(821,'bettertoday',6,71,'2017-11-30 18:27:01',1,47.6000,47.6000),(822,'bettertoday',6,67,'2017-11-30 18:27:01',1,47.6000,47.6000),(823,'bettertoday',6,40,'2017-11-30 18:27:01',1,50.0000,50.0000),(824,'bettertoday',6,46,'2017-11-30 18:27:01',1,50.0000,50.0000),(827,'bettertoday',6,51,'2017-11-30 19:46:48',1,50.0000,50.0000),(828,'wisesia',6,31,'2017-11-30 20:47:48',1,50.0000,50.0000),(829,'bettertoday',5,27,'2017-11-30 21:31:33',1,50.0000,50.0000),(830,'bettertoday',5,50,'2017-11-30 21:31:33',1,52.8000,52.8000),(832,'bettertoday',5,57,'2017-11-30 21:31:33',1,47.6000,47.6000),(834,'bettertoday',5,52,'2017-11-30 21:31:33',1,47.6000,47.6000),(835,'bettertoday',5,14,'2017-11-30 21:31:33',1,50.0000,50.0000),(837,'bettertoday',5,75,'2017-11-30 21:31:33',1,50.0000,50.0000),(838,'bettertoday',5,31,'2017-11-30 21:31:33',1,50.0000,50.0000),(839,'bettertoday',5,55,'2017-11-30 21:32:02',1,50.0000,50.0000),(840,'bettertoday',5,49,'2017-11-30 21:32:02',1,50.0000,50.0000),(841,'bettertoday',5,35,'2017-11-30 21:32:02',1,50.0000,50.0000),(842,'bettertoday',5,38,'2017-11-30 21:32:02',1,47.6000,47.6000),(843,'bettertoday',5,21,'2017-11-30 21:32:02',1,50.0000,50.0000),(844,'bettertoday',5,71,'2017-11-30 21:32:02',1,47.6000,47.6000),(845,'bettertoday',5,66,'2017-11-30 21:32:02',1,50.0000,50.0000),(2588,'bettertoday',5,142,'2017-12-10 21:38:39',1,59.9999,59.9999),(2589,'bettertoday',5,127,'2017-12-10 21:38:39',1,59.9999,59.9999),(849,'bettertoday',5,12,'2017-11-30 21:32:35',1,50.0000,50.0000),(851,'bettertoday',5,55,'2017-11-30 21:32:35',1,50.0000,50.0000),(852,'bettertoday',5,43,'2017-11-30 21:32:35',1,47.6000,47.6000),(853,'bettertoday',5,47,'2017-11-30 21:32:35',1,50.0000,50.0000),(854,'bettertoday',5,20,'2017-11-30 21:32:35',1,59.1000,59.1000),(855,'bettertoday',5,67,'2017-11-30 21:32:35',1,47.6000,47.6000),(856,'bettertoday',5,66,'2017-11-30 21:32:35',1,48.6000,48.6000),(857,'bettertoday',5,23,'2017-11-30 21:32:35',1,47.6000,47.6000),(858,'bettertoday',5,54,'2017-11-30 21:32:35',1,50.0000,50.0000),(859,'bettertoday',5,45,'2017-11-30 21:33:05',1,47.6000,47.6000),(860,'bettertoday',5,79,'2017-11-30 21:33:05',1,50.0000,50.0000),(861,'bettertoday',5,39,'2017-11-30 21:33:05',1,58.3714,58.3714),(863,'bettertoday',5,51,'2017-11-30 21:33:05',1,51.0667,51.0667),(865,'bettertoday',5,44,'2017-11-30 21:33:05',1,47.6000,47.6000),(866,'bettertoday',5,35,'2017-11-30 21:33:05',1,50.0000,50.0000),(867,'bettertoday',5,66,'2017-11-30 21:33:05',1,48.6000,48.6000),(868,'wisesia',6,16,'2017-11-30 21:41:33',1,50.0000,50.0000),(869,'wisesia',6,34,'2017-11-30 21:41:33',1,44.3043,44.3043),(870,'wisesia',6,52,'2017-11-30 21:41:33',1,50.0000,50.0000),(871,'wisesia',6,39,'2017-11-30 21:41:33',1,50.0000,50.0000),(872,'wisesia',6,22,'2017-11-30 21:41:33',1,43.4000,43.4000),(873,'wisesia',6,65,'2017-11-30 21:41:33',1,47.6000,47.6000),(874,'wisesia',6,79,'2017-11-30 21:41:33',4,46.0000,0.0000),(875,'wisesia',6,15,'2017-11-30 21:41:33',1,43.8727,43.8727),(876,'wisesia',6,40,'2017-11-30 21:41:33',1,47.6000,47.6000),(877,'wisesia',6,21,'2017-11-30 21:41:33',1,44.0000,44.0000),(878,'wisesia',6,9,'2017-11-30 21:43:11',1,49.6800,49.6800),(879,'wisesia',6,66,'2017-11-30 21:43:11',1,48.6000,48.6000),(880,'wisesia',6,74,'2017-11-30 21:43:11',1,50.0000,50.0000),(881,'wisesia',6,51,'2017-11-30 21:43:11',3,46.8667,11.7167),(882,'wisesia',6,34,'2017-11-30 21:43:11',1,44.2667,44.2667),(883,'wisesia',6,67,'2017-11-30 21:43:11',1,43.4000,43.4000),(884,'wisesia',6,9,'2017-11-30 21:43:11',1,49.6800,49.6800),(885,'wisesia',6,46,'2017-11-30 21:43:11',2,47.6000,23.8000),(886,'wisesia',6,84,'2017-11-30 21:43:11',3,50.0000,12.5000),(887,'wisesia',6,39,'2017-11-30 21:43:11',1,58.3467,58.3467),(888,'wisesia',6,63,'2017-11-30 21:44:52',4,50.0000,0.0000),(889,'wisesia',6,20,'2017-11-30 21:44:52',1,59.1000,59.1000),(890,'wisesia',6,33,'2017-11-30 21:44:52',2,44.0933,22.0467),(891,'wisesia',6,55,'2017-11-30 21:44:52',2,43.4000,21.7000),(892,'wisesia',6,42,'2017-11-30 21:44:52',1,50.0000,50.0000),(893,'wisesia',6,76,'2017-11-30 21:44:52',3,50.0000,12.5000),(894,'wisesia',6,33,'2017-11-30 21:44:52',1,50.0000,50.0000),(895,'wisesia',6,11,'2017-11-30 21:44:52',1,50.0000,50.0000),(896,'wisesia',6,59,'2017-11-30 21:44:52',2,47.6000,23.8000),(897,'wisesia',6,39,'2017-11-30 21:44:52',1,58.3250,58.3250),(898,'wisesia',6,28,'2017-11-30 21:46:44',1,45.3500,45.3500),(899,'wisesia',6,61,'2017-11-30 21:46:44',4,47.6000,0.0000),(900,'wisesia',6,43,'2017-11-30 21:46:44',1,50.0000,50.0000),(901,'wisesia',6,50,'2017-11-30 21:46:44',2,48.6000,24.3000),(902,'wisesia',6,36,'2017-11-30 21:46:44',1,50.0000,50.0000),(903,'wisesia',6,40,'2017-11-30 21:46:44',1,47.6000,47.6000),(904,'wisesia',6,51,'2017-11-30 21:46:44',2,47.3000,23.6500),(905,'wisesia',6,42,'2017-11-30 21:46:44',1,52.9556,52.9556),(906,'wisesia',6,16,'2017-11-30 21:46:44',1,50.0000,50.0000),(907,'wisesia',6,38,'2017-11-30 21:46:44',1,50.0000,50.0000),(908,'wisesia',6,76,'2017-11-30 21:47:34',1,50.0000,50.0000),(909,'wisesia',6,56,'2017-11-30 21:47:34',4,50.0000,0.0000),(910,'wisesia',6,84,'2017-11-30 21:47:34',1,52.8000,52.8000),(911,'wisesia',6,63,'2017-11-30 21:47:34',1,50.0000,50.0000),(912,'wisesia',6,44,'2017-11-30 21:47:34',1,43.4000,43.4000),(913,'wisesia',6,48,'2017-11-30 21:47:34',1,44.4400,44.4400),(914,'wisesia',6,63,'2017-11-30 21:47:34',1,50.2000,50.2000),(915,'wisesia',6,17,'2017-11-30 21:47:34',1,29.4500,29.4500),(916,'wisesia',6,32,'2017-11-30 21:47:34',1,50.0000,50.0000),(917,'wisesia',6,47,'2017-11-30 21:47:34',1,50.0000,50.0000),(918,'wisesia',6,55,'2017-11-30 21:53:29',1,46.0000,46.0000),(919,'wisesia',6,74,'2017-11-30 21:53:29',1,50.0000,50.0000),(920,'wisesia',6,50,'2017-11-30 21:53:29',1,50.0000,50.0000),(921,'wisesia',6,20,'2017-11-30 21:53:29',4,50.0000,0.0000),(922,'wisesia',6,49,'2017-11-30 21:53:29',2,50.0000,25.0000),(923,'wisesia',6,60,'2017-11-30 21:53:29',1,47.6000,47.6000),(924,'wisesia',6,56,'2017-11-30 21:53:29',1,51.0667,51.0667),(925,'wisesia',6,71,'2017-11-30 21:53:29',1,43.4000,43.4000),(926,'wisesia',6,26,'2017-11-30 21:53:29',1,50.0000,50.0000),(927,'wisesia',6,28,'2017-11-30 21:53:29',1,45.1333,45.1333),(928,'wisesia',6,80,'2017-11-30 21:54:06',1,50.0000,50.0000),(929,'wisesia',6,32,'2017-11-30 21:54:06',1,50.0000,50.0000),(930,'wisesia',6,28,'2017-11-30 21:54:06',1,44.9600,44.9600),(931,'wisesia',6,27,'2017-11-30 21:54:06',1,43.4000,43.4000),(932,'wisesia',6,38,'2017-11-30 21:54:06',1,43.4000,43.4000),(933,'wisesia',6,60,'2017-11-30 21:54:06',1,47.6000,47.6000),(934,'wisesia',6,16,'2017-11-30 21:54:06',1,50.0000,50.0000),(935,'wisesia',6,61,'2017-11-30 21:54:06',1,50.2000,50.2000),(936,'wisesia',6,52,'2017-11-30 21:54:06',1,50.0000,50.0000),(937,'wisesia',6,82,'2017-11-30 21:54:06',1,50.0000,50.0000),(938,'wisesia',6,80,'2017-11-30 21:54:08',1,50.0000,50.0000),(939,'wisesia',6,32,'2017-11-30 21:54:08',1,50.0000,50.0000),(940,'wisesia',6,28,'2017-11-30 21:54:08',1,44.9600,44.9600),(941,'wisesia',6,27,'2017-11-30 21:54:08',1,43.4000,43.4000),(942,'wisesia',6,38,'2017-11-30 21:54:08',1,43.4000,43.4000),(943,'wisesia',6,60,'2017-11-30 21:54:08',1,47.6000,47.6000),(944,'wisesia',6,16,'2017-11-30 21:54:08',1,50.0000,50.0000),(945,'wisesia',6,61,'2017-11-30 21:54:08',1,50.2000,50.2000),(946,'wisesia',6,52,'2017-11-30 21:54:08',1,50.0000,50.0000),(947,'wisesia',6,82,'2017-11-30 21:54:08',1,50.0000,50.0000),(948,'wisesia',6,80,'2017-11-30 21:54:09',1,50.0000,50.0000),(949,'wisesia',6,32,'2017-11-30 21:54:09',1,50.0000,50.0000),(950,'wisesia',6,28,'2017-11-30 21:54:09',1,44.9600,44.9600),(951,'wisesia',6,27,'2017-11-30 21:54:09',1,43.4000,43.4000),(952,'wisesia',6,38,'2017-11-30 21:54:09',1,43.4000,43.4000),(953,'wisesia',6,60,'2017-11-30 21:54:09',1,47.6000,47.6000),(954,'wisesia',6,16,'2017-11-30 21:54:09',1,50.0000,50.0000),(955,'wisesia',6,61,'2017-11-30 21:54:09',1,50.2000,50.2000),(956,'wisesia',6,52,'2017-11-30 21:54:09',1,50.0000,50.0000),(957,'wisesia',6,82,'2017-11-30 21:54:09',1,50.0000,50.0000),(958,'bettertoday',5,43,'2017-12-01 15:44:40',1,50.0000,50.0000),(961,'bettertoday',5,63,'2017-12-01 15:44:40',1,50.0000,50.0000),(962,'bettertoday',5,71,'2017-12-01 15:44:40',1,50.0000,50.0000),(966,'bettertoday',5,55,'2017-12-01 15:44:40',1,50.0000,50.0000),(967,'bettertoday',5,56,'2017-12-01 15:44:40',1,50.2000,50.2000),(968,'bettertoday',5,59,'2017-12-01 15:45:13',1,50.2000,50.2000),(969,'bettertoday',5,66,'2017-12-01 15:45:13',1,46.0000,46.0000),(970,'bettertoday',5,58,'2017-12-01 15:45:13',1,50.0000,50.0000),(971,'bettertoday',5,45,'2017-12-01 15:45:13',1,50.0000,50.0000),(972,'bettertoday',5,49,'2017-12-01 15:45:13',1,50.0000,50.0000),(973,'bettertoday',5,46,'2017-12-01 15:45:13',1,50.0000,50.0000),(974,'bettertoday',5,42,'2017-12-01 15:45:13',1,52.8400,52.8400),(975,'bettertoday',5,42,'2017-12-01 15:45:13',1,50.0000,50.0000),(976,'bettertoday',5,71,'2017-12-01 15:45:13',1,50.0000,50.0000),(977,'bettertoday',5,49,'2017-12-01 15:45:13',1,48.9000,48.9000),(979,'bettertoday',5,45,'2017-12-01 15:45:45',1,50.0000,50.0000),(980,'bettertoday',5,58,'2017-12-01 15:45:45',1,46.0000,46.0000),(981,'bettertoday',5,67,'2017-12-01 15:45:45',1,50.0000,50.0000),(983,'bettertoday',5,53,'2017-12-01 15:45:45',1,50.0000,50.0000),(984,'bettertoday',5,39,'2017-12-01 15:45:45',1,50.0000,50.0000),(2561,'bettertoday',5,60,'2017-12-10 21:37:20',1,62.6667,62.6667),(986,'bettertoday',5,49,'2017-12-01 15:45:45',1,50.0000,50.0000),(987,'bettertoday',5,66,'2017-12-01 15:45:45',1,46.0000,46.0000),(988,'bettertoday',5,81,'2017-12-01 15:45:56',1,50.0000,50.0000),(989,'bettertoday',5,41,'2017-12-01 15:45:56',1,50.0000,50.0000),(992,'bettertoday',5,50,'2017-12-01 16:31:19',1,46.8667,46.8667),(993,'bettertoday',5,44,'2017-12-01 16:31:19',1,50.0000,50.0000),(995,'bettertoday',5,59,'2017-12-01 16:31:19',1,50.0000,50.0000),(996,'bettertoday',5,19,'2017-12-01 16:31:19',1,50.0000,50.0000),(997,'bettertoday',5,35,'2017-12-01 16:31:19',1,50.0000,50.0000),(999,'bettertoday',5,33,'2017-12-01 16:31:19',1,50.0000,50.0000),(1000,'bettertoday',5,70,'2017-12-01 16:31:19',1,50.0000,50.0000),(1001,'bettertoday',5,27,'2017-12-01 16:31:26',1,50.0000,50.0000),(1002,'bettertoday',5,63,'2017-12-01 16:31:26',1,50.0000,50.0000),(1364,'wisesia',4,37,'2017-12-05 21:44:45',1,41.8667,41.8667),(1365,'wisesia',4,110,'2017-12-05 21:44:45',1,44.0000,44.0000),(1366,'wisesia',4,75,'2017-12-05 21:44:45',1,50.0000,50.0000),(1367,'wisesia',4,53,'2017-12-05 21:44:45',1,31.2000,31.2000),(1368,'wisesia',4,80,'2017-12-05 21:44:45',1,50.0000,50.0000),(1369,'wisesia',4,70,'2017-12-05 21:44:45',1,48.4000,48.4000),(1370,'wisesia',4,69,'2017-12-05 21:44:45',1,49.5111,49.5111),(1371,'wisesia',4,14,'2017-12-05 21:44:45',1,50.0000,50.0000),(1372,'wisesia',4,79,'2017-12-05 21:44:45',4,42.4000,0.0000),(1373,'wisesia',4,42,'2017-12-05 21:44:45',1,50.0000,50.0000),(1374,'wisesia',4,72,'2017-12-05 21:45:38',2,54.3714,27.1857),(1375,'wisesia',4,87,'2017-12-05 21:45:38',1,50.0000,50.0000),(1376,'wisesia',4,34,'2017-12-05 21:45:38',1,53.1000,53.1000),(1377,'wisesia',4,103,'2017-12-05 21:45:38',1,50.0000,50.0000),(1378,'wisesia',4,50,'2017-12-05 21:45:38',2,43.9333,21.9667),(1379,'wisesia',4,51,'2017-12-05 21:45:38',2,47.7333,23.8667),(1380,'wisesia',4,11,'2017-12-05 21:45:38',2,40.3000,20.1500),(1381,'wisesia',4,78,'2017-12-05 21:45:38',1,50.0000,50.0000),(1382,'wisesia',4,54,'2017-12-05 21:45:38',1,42.9000,42.9000),(1383,'wisesia',4,98,'2017-12-05 21:45:38',1,52.6000,52.6000),(1384,'wisesia',4,70,'2017-12-05 21:46:24',1,48.4000,48.4000),(1385,'wisesia',4,96,'2017-12-05 21:46:24',1,50.0000,50.0000),(1386,'wisesia',4,91,'2017-12-05 21:46:24',1,50.0000,50.0000),(1387,'wisesia',4,37,'2017-12-05 21:46:24',1,41.5714,41.5714),(1388,'wisesia',4,47,'2017-12-05 21:46:24',1,37.2000,37.2000),(1389,'wisesia',4,63,'2017-12-05 21:46:24',2,50.0000,25.0000),(1390,'wisesia',4,79,'2017-12-05 21:46:24',2,46.5333,23.2667),(1391,'wisesia',4,88,'2017-12-05 21:46:24',1,44.0000,44.0000),(1392,'wisesia',4,103,'2017-12-05 21:46:24',1,50.0000,50.0000),(1393,'pianopiano',3,72,'2017-12-05 21:47:46',4,55.7000,0.0000),(1394,'pianopiano',3,47,'2017-12-05 21:47:46',4,37.2000,0.0000),(1395,'pianopiano',3,117,'2017-12-05 21:47:46',4,50.0000,0.0000),(1396,'pianopiano',3,62,'2017-12-05 21:47:46',1,50.0000,50.0000),(1397,'pianopiano',3,78,'2017-12-05 21:47:46',4,50.0000,0.0000),(1398,'pianopiano',3,73,'2017-12-05 21:47:46',4,50.0000,0.0000),(1399,'pianopiano',3,58,'2017-12-05 21:47:46',4,39.8000,0.0000),(1400,'pianopiano',3,28,'2017-12-05 21:47:46',2,32.8000,16.4000),(1401,'pianopiano',3,16,'2017-12-05 21:47:46',4,50.0000,0.0000),(1402,'pianopiano',3,118,'2017-12-05 21:47:46',4,50.0000,0.0000),(1403,'pianopiano',2,51,'2017-12-05 21:48:01',3,50.0000,12.5000),(1404,'pianopiano',2,48,'2017-12-05 21:48:01',4,50.0000,0.0000),(1405,'wisesia',4,48,'2017-12-05 21:49:32',1,56.9333,56.9333),(1406,'wisesia',4,54,'2017-12-05 21:49:32',1,42.2800,42.2800),(1407,'wisesia',4,93,'2017-12-05 21:49:32',1,52.6000,52.6000),(1408,'wisesia',4,76,'2017-12-05 21:49:32',1,44.0000,44.0000),(1409,'wisesia',4,62,'2017-12-05 21:49:32',2,50.0000,25.0000),(1410,'wisesia',4,51,'2017-12-05 21:49:32',1,61.6133,61.6133),(1411,'wisesia',4,21,'2017-12-05 21:49:32',1,50.0000,50.0000),(1412,'wisesia',4,20,'2017-12-05 21:49:32',1,46.0000,46.0000),(1413,'wisesia',4,108,'2017-12-05 21:49:32',1,50.0000,50.0000),(1414,'wisesia',4,60,'2017-12-05 21:49:32',1,50.0000,50.0000),(1415,'wisesia',4,115,'2017-12-05 21:50:45',1,50.0000,50.0000),(1416,'wisesia',4,56,'2017-12-05 21:50:45',1,50.0000,50.0000),(1417,'wisesia',4,39,'2017-12-05 21:50:45',1,45.8000,45.8000),(1418,'wisesia',4,26,'2017-12-05 21:50:45',1,50.0000,50.0000),(1419,'wisesia',4,98,'2017-12-05 21:50:45',1,52.6000,52.6000),(1420,'wisesia',4,11,'2017-12-05 21:50:45',2,41.3333,20.6667),(1421,'wisesia',4,51,'2017-12-05 21:50:45',1,61.2000,61.2000),(1422,'wisesia',4,62,'2017-12-05 21:50:45',1,46.4800,46.4800),(1423,'wisesia',4,28,'2017-12-05 21:50:45',1,41.4000,41.4000),(1424,'wisesia',4,38,'2017-12-05 21:50:45',1,45.8000,45.8000),(1425,'wisesia',4,33,'2017-12-05 21:52:16',1,38.9333,38.9333),(1426,'wisesia',4,34,'2017-12-05 21:52:16',1,50.0000,50.0000),(1427,'wisesia',4,39,'2017-12-05 21:52:16',1,45.8000,45.8000),(1428,'wisesia',4,63,'2017-12-05 21:52:16',2,43.0667,21.5333),(1429,'wisesia',4,33,'2017-12-05 21:52:16',1,50.0000,50.0000),(1430,'wisesia',4,51,'2017-12-05 21:52:16',3,60.9048,15.2262),(1431,'wisesia',4,16,'2017-12-05 21:52:16',1,50.0000,50.0000),(1432,'wisesia',4,37,'2017-12-05 21:52:16',1,50.0000,50.0000),(1433,'wisesia',4,15,'2017-12-05 21:52:16',1,50.0000,50.0000),(1434,'wisesia',4,99,'2017-12-05 21:52:16',2,50.2000,25.1000),(1435,'wisesia',4,69,'2017-12-05 21:52:45',1,50.0000,50.0000),(1436,'wisesia',4,29,'2017-12-05 21:52:45',1,48.4000,48.4000),(1437,'wisesia',4,93,'2017-12-05 21:52:45',1,52.6000,52.6000),(1438,'wisesia',4,63,'2017-12-05 21:52:45',1,44.2476,44.2476),(1439,'wisesia',4,76,'2017-12-05 21:52:45',1,50.0000,50.0000),(1440,'wisesia',4,37,'2017-12-05 21:52:45',1,50.0000,50.0000),(1441,'wisesia',4,117,'2017-12-05 21:52:45',1,50.0000,50.0000),(1442,'wisesia',4,47,'2017-12-05 21:52:45',1,50.0000,50.0000),(1443,'wisesia',4,48,'2017-12-05 21:52:45',1,55.9000,55.9000),(1444,'wisesia',4,15,'2017-12-05 21:52:45',1,50.0000,50.0000),(1445,'wisesia',4,49,'2017-12-05 21:53:32',1,50.0000,50.0000),(1446,'wisesia',4,85,'2017-12-05 21:53:32',1,44.0000,44.0000),(1447,'wisesia',4,19,'2017-12-05 21:53:32',1,39.8000,39.8000),(1448,'wisesia',4,48,'2017-12-05 21:53:32',1,55.2800,55.2800),(1449,'wisesia',4,41,'2017-12-05 21:53:32',1,50.0000,50.0000),(1450,'wisesia',4,46,'2017-12-05 21:53:32',2,39.8000,19.9000),(1451,'wisesia',4,9,'2017-12-05 21:53:32',2,41.4000,20.7000),(1452,'wisesia',4,48,'2017-12-05 21:53:32',1,55.2800,55.2800),(1453,'wisesia',4,82,'2017-12-05 21:53:32',1,50.0000,50.0000),(1454,'wisesia',4,59,'2017-12-05 21:53:32',1,51.0000,51.0000),(1455,'wisesia',4,37,'2017-12-05 21:54:00',1,41.0400,41.0400),(1456,'wisesia',4,58,'2017-12-05 21:54:00',1,48.4000,48.4000),(1457,'wisesia',4,87,'2017-12-05 21:54:00',1,47.1000,47.1000),(1458,'wisesia',4,45,'2017-12-05 21:54:00',1,39.3000,39.3000),(1459,'wisesia',4,79,'2017-12-05 21:54:00',3,48.6000,12.1500),(1460,'wisesia',4,10,'2017-12-05 21:54:00',1,31.2000,31.2000),(1461,'wisesia',4,72,'2017-12-05 21:54:00',1,55.7000,55.7000),(1462,'pianopiano',2,27,'2017-12-05 21:56:20',1,28.6000,28.6000),(1463,'pianopiano',2,24,'2017-12-05 21:56:20',1,50.0000,50.0000),(1464,'pianopiano',2,41,'2017-12-05 21:56:20',1,50.0000,50.0000),(1465,'pianopiano',2,52,'2017-12-05 21:56:20',1,50.0000,50.0000),(1466,'pianopiano',2,62,'2017-12-05 21:56:20',1,50.0000,50.0000),(1467,'pianopiano',2,20,'2017-12-05 21:56:20',1,39.8000,39.8000),(1468,'pianopiano',2,60,'2017-12-05 21:56:20',1,50.0000,50.0000),(1469,'pianopiano',2,87,'2017-12-05 21:56:20',1,46.4800,46.4800),(1470,'pianopiano',2,12,'2017-12-05 21:56:20',1,50.0000,50.0000),(1471,'pianopiano',2,33,'2017-12-05 21:56:20',1,50.0000,50.0000),(1472,'pianopiano',3,93,'2017-12-05 21:56:58',1,52.6000,52.6000),(1473,'pianopiano',3,84,'2017-12-05 21:56:58',1,50.0000,50.0000),(1474,'pianopiano',3,47,'2017-12-05 21:56:58',1,50.0000,50.0000),(1475,'pianopiano',3,54,'2017-12-05 21:56:58',1,50.0000,50.0000),(1476,'pianopiano',3,51,'2017-12-05 21:56:58',1,50.0000,50.0000),(1477,'pianopiano',3,60,'2017-12-05 21:56:58',1,38.6000,38.6000),(1478,'pianopiano',3,57,'2017-12-05 21:56:58',3,37.2000,9.3000),(1479,'pianopiano',3,22,'2017-12-05 21:56:58',1,45.5333,45.5333),(1480,'pianopiano',3,39,'2017-12-05 21:56:58',1,45.8000,45.8000),(1481,'pianopiano',3,63,'2017-12-05 21:56:58',1,50.0000,50.0000),(1482,'pianopiano',3,65,'2017-12-05 21:57:12',2,43.8800,21.9400),(1483,'pianopiano',3,46,'2017-12-05 21:57:12',1,42.2800,42.2800),(1484,'pianopiano',3,72,'2017-12-05 21:57:12',1,50.0000,50.0000),(1485,'pianopiano',3,80,'2017-12-05 21:57:12',1,50.0000,50.0000),(1486,'pianopiano',3,54,'2017-12-05 21:57:12',1,50.0000,50.0000),(1487,'pianopiano',3,70,'2017-12-05 21:58:17',1,48.4000,48.4000),(1488,'pianopiano',3,77,'2017-12-05 21:58:17',2,50.0000,25.0000),(1489,'pianopiano',3,39,'2017-12-05 21:58:17',4,37.2000,0.0000),(1490,'pianopiano',3,39,'2017-12-05 21:58:17',5,37.2000,0.0000),(1491,'pianopiano',3,102,'2017-12-05 22:01:25',1,50.0000,50.0000),(1492,'pianopiano',3,35,'2017-12-05 22:01:25',1,39.8000,39.8000),(1493,'pianopiano',3,9,'2017-12-05 22:01:25',1,50.0000,50.0000),(1494,'pianopiano',3,39,'2017-12-05 22:01:25',1,50.0000,50.0000),(1495,'pianopiano',3,59,'2017-12-05 22:01:25',2,51.0000,25.5000),(1496,'pianopiano',3,56,'2017-12-05 22:01:25',1,50.0000,50.0000),(1497,'pianopiano',3,34,'2017-12-05 22:01:25',1,50.0000,50.0000),(1498,'pianopiano',3,65,'2017-12-05 22:01:25',2,50.0000,25.0000),(1499,'pianopiano',3,85,'2017-12-05 22:01:25',1,44.0000,44.0000),(1500,'pianopiano',3,112,'2017-12-05 22:01:25',1,50.0000,50.0000),(1501,'pianopiano',3,70,'2017-12-05 22:01:44',1,39.8000,39.8000),(1502,'pianopiano',3,51,'2017-12-05 22:01:44',1,59.3667,59.3667),(1503,'pianopiano',3,78,'2017-12-05 22:01:44',1,52.6000,52.6000),(1504,'pianopiano',3,18,'2017-12-05 22:01:44',1,44.0000,44.0000),(1505,'wisesia',4,116,'2017-12-05 22:19:10',1,50.0000,50.0000),(1506,'wisesia',4,80,'2017-12-05 22:19:10',1,50.0000,50.0000),(1507,'wisesia',4,100,'2017-12-05 22:19:10',1,52.6000,52.6000),(1508,'wisesia',4,79,'2017-12-05 22:19:10',2,49.8400,24.9200),(1509,'wisesia',4,98,'2017-12-05 22:19:10',1,52.6000,52.6000),(1510,'wisesia',4,64,'2017-12-05 22:19:10',1,50.0000,50.0000),(1511,'wisesia',4,115,'2017-12-05 22:19:10',1,44.0000,44.0000),(1512,'wisesia',4,90,'2017-12-05 22:19:10',2,50.0000,25.0000),(1513,'wisesia',4,67,'2017-12-05 22:19:10',1,50.0000,50.0000),(1514,'wisesia',4,16,'2017-12-05 22:19:10',1,50.0000,50.0000),(1515,'wisesia',4,110,'2017-12-05 22:19:47',1,44.0000,44.0000),(1516,'wisesia',4,27,'2017-12-05 22:19:47',1,17.2000,17.2000),(1517,'wisesia',4,72,'2017-12-05 22:19:47',1,50.0000,50.0000),(1518,'wisesia',4,37,'2017-12-05 22:19:47',1,50.0000,50.0000),(1519,'wisesia',4,90,'2017-12-05 22:19:47',1,48.1333,48.1333),(1520,'wisesia',4,66,'2017-12-05 22:19:47',1,50.0000,50.0000),(1521,'wisesia',4,67,'2017-12-05 22:19:47',2,47.5714,23.7857),(1522,'wisesia',4,115,'2017-12-05 22:19:47',1,44.0000,44.0000),(1523,'wisesia',4,40,'2017-12-05 22:19:47',1,44.9429,44.9429),(1524,'wisesia',4,56,'2017-12-05 22:19:47',1,31.2000,31.2000),(1525,'wisesia',4,103,'2017-12-05 22:20:15',1,46.4800,46.4800),(1526,'wisesia',4,83,'2017-12-05 22:20:15',1,50.0000,50.0000),(1527,'wisesia',4,79,'2017-12-05 22:20:15',1,50.0000,50.0000),(1528,'wisesia',4,74,'2017-12-05 22:20:15',1,50.0000,50.0000),(1529,'wisesia',4,69,'2017-12-05 22:20:15',1,48.5091,48.5091),(1530,'wisesia',4,40,'2017-12-05 22:20:15',1,44.5000,44.5000),(1531,'wisesia',4,117,'2017-12-05 22:20:15',1,52.6000,52.6000),(1532,'wisesia',4,60,'2017-12-06 19:35:26',1,50.0000,50.0000),(1533,'wisesia',4,101,'2017-12-06 19:35:26',1,38.5000,38.5000),(1534,'wisesia',4,52,'2017-12-06 19:35:26',1,50.0000,50.0000),(1535,'wisesia',4,87,'2017-12-06 19:35:26',1,50.0000,50.0000),(1536,'wisesia',4,92,'2017-12-06 19:35:26',1,50.0000,50.0000),(1537,'wisesia',4,66,'2017-12-06 19:35:26',1,50.0000,50.0000),(1538,'wisesia',4,28,'2017-12-06 19:35:26',1,41.4000,41.4000),(1539,'wisesia',4,57,'2017-12-06 19:35:26',1,45.8000,45.8000),(1540,'wisesia',4,73,'2017-12-06 19:35:26',1,58.8000,58.8000),(1541,'wisesia',4,40,'2017-12-06 19:35:26',1,50.0000,50.0000),(1542,'wisesia',4,115,'2017-12-06 19:36:03',1,44.0000,44.0000),(1543,'wisesia',4,78,'2017-12-06 19:36:03',1,50.0000,50.0000),(1544,'wisesia',4,51,'2017-12-06 19:36:03',2,57.6467,28.8233),(1545,'wisesia',4,43,'2017-12-06 19:36:03',1,50.0000,50.0000),(1546,'wisesia',4,55,'2017-12-06 19:36:03',1,38.9333,38.9333),(1547,'wisesia',4,78,'2017-12-06 19:36:03',1,44.0000,44.0000),(1548,'wisesia',4,70,'2017-12-06 19:36:03',1,36.9333,36.9333),(1549,'wisesia',4,16,'2017-12-06 19:36:03',1,50.0000,50.0000),(1550,'wisesia',4,39,'2017-12-06 19:36:03',1,50.0000,50.0000),(1551,'wisesia',4,37,'2017-12-06 19:36:03',1,50.0000,50.0000),(1552,'wisesia',4,115,'2017-12-06 19:36:05',1,44.0000,44.0000),(1553,'wisesia',4,78,'2017-12-06 19:36:05',1,50.0000,50.0000),(1554,'wisesia',4,51,'2017-12-06 19:36:05',2,57.6467,28.8233),(1555,'wisesia',4,43,'2017-12-06 19:36:05',1,50.0000,50.0000),(1556,'wisesia',4,55,'2017-12-06 19:36:05',1,38.9333,38.9333),(1557,'wisesia',4,78,'2017-12-06 19:36:05',1,44.0000,44.0000),(1558,'wisesia',4,70,'2017-12-06 19:36:05',1,36.9333,36.9333),(1559,'wisesia',4,16,'2017-12-06 19:36:05',1,50.0000,50.0000),(1560,'wisesia',4,39,'2017-12-06 19:36:05',1,50.0000,50.0000),(1561,'wisesia',4,37,'2017-12-06 19:36:05',1,50.0000,50.0000),(1562,'wisesia',4,74,'2017-12-06 19:37:46',1,50.0000,50.0000),(1563,'wisesia',4,19,'2017-12-06 19:37:46',1,50.0000,50.0000),(1564,'wisesia',4,110,'2017-12-06 19:37:46',1,44.0000,44.0000),(1565,'wisesia',4,50,'2017-12-06 19:37:46',1,46.0000,46.0000),(1566,'wisesia',4,69,'2017-12-06 19:37:46',1,50.0000,50.0000),(1567,'wisesia',4,114,'2017-12-06 19:37:46',3,50.0000,12.5000),(1568,'wisesia',4,69,'2017-12-06 19:37:46',1,48.1333,48.1333),(1569,'wisesia',4,42,'2017-12-06 19:37:46',1,50.0000,50.0000),(1570,'wisesia',4,49,'2017-12-06 19:37:46',2,50.0000,25.0000),(1571,'wisesia',4,56,'2017-12-06 19:37:46',1,31.2000,31.2000),(1572,'wisesia',4,43,'2017-12-06 19:38:16',1,50.0000,50.0000),(1573,'wisesia',4,34,'2017-12-06 19:38:16',1,46.3333,46.3333),(1574,'wisesia',4,106,'2017-12-06 19:38:16',1,50.0000,50.0000),(1575,'wisesia',4,32,'2017-12-06 19:38:16',1,50.0000,50.0000),(1576,'wisesia',4,95,'2017-12-06 19:38:16',1,50.0000,50.0000),(1577,'wisesia',4,118,'2017-12-06 19:38:16',1,58.8000,58.8000),(1578,'wisesia',4,73,'2017-12-06 19:38:16',1,50.0000,50.0000),(1579,'wisesia',4,93,'2017-12-06 19:38:16',1,46.8667,46.8667),(1580,'wisesia',4,112,'2017-12-06 19:38:16',1,41.6000,41.6000),(1581,'wisesia',4,55,'2017-12-06 19:38:16',1,38.9333,38.9333),(1582,'wisesia',4,49,'2017-12-06 19:39:15',1,50.0000,50.0000),(1583,'wisesia',4,59,'2017-12-06 19:39:15',3,51.0000,12.7500),(1584,'wisesia',4,20,'2017-12-06 19:39:15',1,50.0000,50.0000),(1585,'wisesia',4,64,'2017-12-06 19:39:15',1,44.0000,44.0000),(1586,'wisesia',4,114,'2017-12-06 19:39:15',3,56.4000,14.1000),(1587,'wisesia',4,76,'2017-12-06 19:39:15',1,50.0000,50.0000),(1588,'wisesia',4,22,'2017-12-06 19:39:15',1,36.9333,36.9333),(1589,'wisesia',4,84,'2017-12-06 19:39:15',1,35.4000,35.4000),(1590,'wisesia',4,82,'2017-12-06 19:39:15',1,41.4000,41.4000),(1591,'wisesia',4,67,'2017-12-06 19:39:15',3,48.9000,12.2250),(1592,'wisesia',4,34,'2017-12-06 19:39:45',1,46.0381,46.0381),(1593,'wisesia',4,16,'2017-12-06 19:39:45',1,50.0000,50.0000),(1594,'wisesia',4,117,'2017-12-06 19:39:45',1,52.6000,52.6000),(1595,'wisesia',4,48,'2017-12-06 19:39:45',1,54.5714,54.5714),(1596,'wisesia',4,108,'2017-12-06 19:39:45',1,44.0000,44.0000),(1597,'wisesia',4,107,'2017-12-06 19:39:45',1,50.0000,50.0000),(1598,'wisesia',4,51,'2017-12-06 19:39:45',1,50.0000,50.0000),(1599,'wisesia',4,103,'2017-12-06 19:39:45',1,50.0000,50.0000),(1600,'wisesia',4,60,'2017-12-06 19:39:45',1,50.0000,50.0000),(1601,'wisesia',4,80,'2017-12-06 19:39:45',1,50.0000,50.0000),(1602,'wisesia',4,85,'2017-12-06 19:40:22',1,50.0000,50.0000),(1603,'wisesia',4,108,'2017-12-06 19:40:22',1,50.0000,50.0000),(1604,'wisesia',4,49,'2017-12-06 19:40:22',1,34.4300,34.4300),(1605,'wisesia',4,78,'2017-12-06 19:40:22',1,50.0000,50.0000),(1606,'wisesia',4,72,'2017-12-06 19:40:22',1,50.0000,50.0000),(1607,'wisesia',4,99,'2017-12-06 19:40:22',1,51.4400,51.4400),(1608,'wisesia',4,30,'2017-12-06 19:40:22',1,50.0000,50.0000),(1609,'wisesia',4,90,'2017-12-06 19:40:22',1,50.0000,50.0000),(1610,'wisesia',4,73,'2017-12-06 19:40:22',1,52.6000,52.6000),(1611,'wisesia',4,99,'2017-12-06 19:40:22',1,51.4400,51.4400),(1612,'wisesia',4,106,'2017-12-06 19:41:03',1,44.0000,44.0000),(1613,'wisesia',4,24,'2017-12-06 19:41:03',1,50.0000,50.0000),(1614,'wisesia',4,101,'2017-12-06 19:41:03',1,50.0000,50.0000),(1615,'wisesia',4,94,'2017-12-06 19:41:03',1,50.0000,50.0000),(1616,'wisesia',4,73,'2017-12-06 19:41:03',1,52.6000,52.6000),(1617,'wisesia',4,85,'2017-12-06 19:41:03',1,50.0000,50.0000),(1618,'wisesia',4,90,'2017-12-06 19:41:03',1,46.4800,46.4800),(1619,'wisesia',4,65,'2017-12-06 19:41:03',1,52.4800,52.4800),(1620,'wisesia',4,70,'2017-12-06 19:41:03',1,50.0000,50.0000),(1621,'wisesia',4,110,'2017-12-06 19:41:03',1,44.0000,44.0000),(1622,'wisesia',4,49,'2017-12-06 19:41:40',1,34.2578,34.2578),(1623,'wisesia',4,72,'2017-12-06 19:41:40',2,51.4145,25.7073),(1624,'wisesia',4,78,'2017-12-06 19:41:40',1,44.0000,44.0000),(1625,'wisesia',4,67,'2017-12-06 19:41:40',1,49.9333,49.9333),(1626,'wisesia',4,117,'2017-12-06 19:41:40',1,52.6000,52.6000),(1627,'wisesia',4,87,'2017-12-06 19:41:40',1,50.0000,50.0000),(1628,'wisesia',4,69,'2017-12-06 19:41:40',1,50.0000,50.0000),(1629,'wisesia',4,73,'2017-12-06 19:41:40',1,52.6000,52.6000),(1630,'wisesia',4,69,'2017-12-06 19:41:40',1,47.5429,47.5429),(1631,'wisesia',4,18,'2017-12-06 19:41:40',1,50.0000,50.0000),(1632,'wisesia',4,19,'2017-12-06 19:42:06',1,50.0000,50.0000),(1633,'wisesia',4,95,'2017-12-06 19:42:06',1,44.0000,44.0000),(1634,'wisesia',4,51,'2017-12-06 19:42:06',1,59.0558,59.0558),(1635,'wisesia',4,78,'2017-12-06 19:42:06',1,50.0000,50.0000),(1636,'wisesia',4,51,'2017-12-06 19:42:06',1,59.0558,59.0558),(1637,'wisesia',4,45,'2017-12-06 19:42:06',1,39.3000,39.3000),(1638,'wisesia',4,108,'2017-12-06 19:42:06',1,50.0000,50.0000),(1639,'wisesia',4,34,'2017-12-06 19:42:06',1,45.8167,45.8167),(1640,'wisesia',4,11,'2017-12-06 19:42:06',1,42.1600,42.1600),(1641,'wisesia',4,116,'2017-12-06 19:42:06',1,50.0000,50.0000),(1642,'wisesia',4,73,'2017-12-06 19:43:00',1,50.0000,50.0000),(1643,'wisesia',4,66,'2017-12-06 19:43:00',1,39.8000,39.8000),(1644,'wisesia',4,103,'2017-12-06 19:43:00',1,45.7714,45.7714),(1645,'wisesia',4,20,'2017-12-06 19:43:00',1,28.4000,28.4000),(1646,'wisesia',4,73,'2017-12-06 19:43:00',1,52.6000,52.6000),(1647,'wisesia',4,57,'2017-12-06 19:43:00',1,50.0000,50.0000),(1648,'wisesia',4,33,'2017-12-06 19:43:00',1,27.5333,27.5333),(1649,'wisesia',4,75,'2017-12-06 19:43:00',2,50.0000,25.0000),(1650,'wisesia',4,85,'2017-12-06 19:43:00',1,35.4000,35.4000),(1651,'wisesia',4,59,'2017-12-06 19:43:00',1,54.1000,54.1000),(1652,'wisesia',4,14,'2017-12-06 19:43:35',1,50.0000,50.0000),(1653,'wisesia',4,32,'2017-12-06 19:43:35',1,45.6000,45.6000),(1654,'wisesia',4,33,'2017-12-06 19:43:35',1,50.0000,50.0000),(1655,'wisesia',4,42,'2017-12-06 19:43:35',1,50.0000,50.0000),(1656,'wisesia',4,99,'2017-12-06 19:43:35',1,50.0000,50.0000),(1657,'wisesia',4,109,'2017-12-06 19:43:35',1,48.1333,48.1333),(1658,'wisesia',4,58,'2017-12-06 19:43:35',1,48.4000,48.4000),(1659,'wisesia',4,22,'2017-12-06 19:43:35',1,50.0000,50.0000),(1660,'wisesia',4,89,'2017-12-06 19:43:35',2,44.0000,22.0000),(1661,'wisesia',4,30,'2017-12-06 19:43:35',1,50.0000,50.0000),(1662,'wisesia',4,91,'2017-12-06 19:44:10',1,50.0000,50.0000),(1663,'wisesia',4,53,'2017-12-06 19:44:10',1,50.0000,50.0000),(1664,'wisesia',4,61,'2017-12-06 19:44:10',1,50.0000,50.0000),(1665,'wisesia',4,22,'2017-12-06 19:44:10',1,50.0000,50.0000),(1666,'wisesia',4,109,'2017-12-06 19:44:10',1,50.0000,50.0000),(1667,'wisesia',4,10,'2017-12-06 19:44:10',1,50.0000,50.0000),(1668,'wisesia',4,94,'2017-12-06 19:44:10',1,50.0000,50.0000),(1669,'wisesia',4,34,'2017-12-06 19:44:10',1,45.6444,45.6444),(1670,'wisesia',4,102,'2017-12-06 19:44:10',1,50.0000,50.0000),(1671,'wisesia',4,57,'2017-12-06 19:44:10',1,50.0000,50.0000),(1672,'wisesia',4,100,'2017-12-06 19:44:53',1,52.6000,52.6000),(1673,'wisesia',4,64,'2017-12-06 19:44:53',1,50.0000,50.0000),(1674,'wisesia',4,72,'2017-12-06 19:44:53',2,52.2600,26.1300),(1675,'wisesia',4,108,'2017-12-06 19:44:53',1,44.0000,44.0000),(1676,'wisesia',4,9,'2017-12-06 19:44:53',1,50.0000,50.0000),(1677,'wisesia',4,114,'2017-12-06 19:44:53',2,56.4000,28.2000),(1678,'wisesia',4,40,'2017-12-06 19:44:53',1,50.0000,50.0000),(1679,'wisesia',4,57,'2017-12-06 19:44:53',1,50.0000,50.0000),(1680,'wisesia',4,87,'2017-12-06 19:44:53',2,50.0000,25.0000),(1681,'wisesia',4,83,'2017-12-06 19:44:53',1,50.0000,50.0000),(1682,'wisesia',4,100,'2017-12-06 19:45:16',1,52.6000,52.6000),(1683,'wisesia',4,75,'2017-12-06 19:45:16',1,50.0000,50.0000),(1684,'wisesia',4,15,'2017-12-06 19:45:16',1,51.7714,51.7714),(1685,'wisesia',4,26,'2017-12-06 19:45:16',1,37.2000,37.2000),(1686,'wisesia',4,44,'2017-12-06 19:45:16',1,50.0000,50.0000),(1687,'wisesia',4,38,'2017-12-06 19:45:16',1,45.8000,45.8000),(1688,'wisesia',4,28,'2017-12-06 19:45:16',1,41.4000,41.4000),(1689,'wisesia',4,115,'2017-12-06 19:45:16',1,50.0000,50.0000),(1690,'wisesia',4,100,'2017-12-06 19:45:23',1,52.6000,52.6000),(1691,'wisesia',4,75,'2017-12-06 19:45:23',1,50.0000,50.0000),(1692,'wisesia',4,15,'2017-12-06 19:45:23',1,51.7714,51.7714),(1693,'wisesia',4,26,'2017-12-06 19:45:23',1,37.2000,37.2000),(1694,'wisesia',4,44,'2017-12-06 19:45:23',1,50.0000,50.0000),(1695,'wisesia',4,38,'2017-12-06 19:45:23',1,45.8000,45.8000),(1696,'wisesia',4,28,'2017-12-06 19:45:23',1,41.4000,41.4000),(1697,'wisesia',4,115,'2017-12-06 19:45:23',1,50.0000,50.0000),(1698,'wisesia',4,118,'2017-12-06 19:46:15',1,52.6000,52.6000),(1699,'wisesia',4,103,'2017-12-06 19:46:15',1,50.0000,50.0000),(1700,'wisesia',4,83,'2017-12-06 19:46:15',2,50.0000,25.0000),(1701,'wisesia',4,9,'2017-12-06 19:46:15',1,50.0000,50.0000),(1702,'wisesia',4,10,'2017-12-06 19:46:15',1,31.2000,31.2000),(1703,'wisesia',4,40,'2017-12-06 19:46:15',1,43.6545,43.6545),(1704,'wisesia',4,31,'2017-12-06 19:46:15',1,50.0000,50.0000),(1705,'wisesia',4,67,'2017-12-06 19:46:15',2,49.5200,24.7600),(1706,'wisesia',4,31,'2017-12-06 19:46:15',1,37.2000,37.2000),(1707,'wisesia',4,72,'2017-12-06 19:46:15',1,52.9754,52.9754),(1708,'wisesia',4,82,'2017-12-06 19:47:42',1,41.4000,41.4000),(1709,'wisesia',4,16,'2017-12-06 19:47:42',1,50.0000,50.0000),(1710,'wisesia',4,48,'2017-12-06 19:47:42',1,54.3500,54.3500),(1711,'wisesia',4,33,'2017-12-06 19:47:42',1,50.0000,50.0000),(1712,'wisesia',4,73,'2017-12-06 19:47:42',1,52.6000,52.6000),(1713,'wisesia',4,116,'2017-12-06 19:47:42',1,44.0000,44.0000),(1714,'wisesia',4,69,'2017-12-06 19:47:42',1,47.1000,47.1000),(1715,'wisesia',4,95,'2017-12-06 19:47:42',1,44.0000,44.0000),(1716,'wisesia',4,106,'2017-12-06 19:47:42',1,44.0000,44.0000),(1717,'wisesia',4,15,'2017-12-06 19:47:42',1,51.3778,51.3778),(1718,'wisesia',4,37,'2017-12-06 19:48:27',1,50.0000,50.0000),(1719,'wisesia',4,103,'2017-12-06 19:48:27',1,50.0000,50.0000),(1720,'wisesia',4,44,'2017-12-06 19:48:27',1,37.2000,37.2000),(1721,'wisesia',4,79,'2017-12-06 19:48:27',3,49.4857,12.3714),(1722,'wisesia',4,65,'2017-12-06 19:48:27',1,52.0667,52.0667),(1723,'wisesia',4,63,'2017-12-06 19:48:27',2,50.0000,25.0000),(1724,'wisesia',4,116,'2017-12-06 19:48:27',1,44.0000,44.0000),(1725,'wisesia',4,63,'2017-12-06 19:48:27',1,34.9833,34.9833),(1726,'wisesia',4,51,'2017-12-06 19:48:27',1,58.3620,58.3620),(1727,'wisesia',4,38,'2017-12-06 19:48:27',1,45.8000,45.8000),(1728,'wisesia',4,49,'2017-12-06 19:49:03',1,34.1200,34.1200),(1729,'wisesia',4,59,'2017-12-06 19:49:03',1,50.0000,50.0000),(1730,'wisesia',4,88,'2017-12-06 19:49:03',2,44.0000,22.0000),(1731,'wisesia',4,73,'2017-12-06 19:49:03',1,50.0000,50.0000),(1732,'wisesia',4,69,'2017-12-06 19:49:03',1,46.9176,46.9176),(1733,'wisesia',4,117,'2017-12-06 19:49:03',1,50.0000,50.0000),(1734,'wisesia',4,34,'2017-12-06 19:49:03',1,45.5067,45.5067),(1735,'wisesia',4,32,'2017-12-06 19:49:03',1,45.6000,45.6000),(1736,'wisesia',4,109,'2017-12-06 19:49:03',1,46.4800,46.4800),(1737,'wisesia',4,99,'2017-12-06 19:49:03',1,48.6500,48.6500),(1738,'wisesia',4,64,'2017-12-06 19:49:31',1,44.0000,44.0000),(1739,'wisesia',4,10,'2017-12-06 19:49:31',1,50.0000,50.0000),(1740,'wisesia',4,88,'2017-12-06 19:49:31',1,47.1000,47.1000),(1741,'wisesia',4,90,'2017-12-06 19:49:31',1,46.0667,46.0667),(1742,'wisesia',4,77,'2017-12-06 19:49:31',1,50.0000,50.0000),(1743,'wisesia',4,32,'2017-12-06 19:49:31',1,50.0000,50.0000),(1744,'wisesia',4,56,'2017-12-06 19:49:31',1,31.2000,31.2000),(1745,'wisesia',4,44,'2017-12-06 19:49:31',1,50.0000,50.0000),(1746,'wisesia',4,53,'2017-12-06 19:49:31',1,31.2000,31.2000),(1747,'wisesia',4,73,'2017-12-06 19:49:31',1,52.6000,52.6000),(1748,'wisesia',4,51,'2017-12-06 19:50:12',3,58.0895,14.5224),(1749,'wisesia',4,13,'2017-12-06 19:50:12',1,50.0000,50.0000),(1750,'wisesia',4,91,'2017-12-06 19:50:12',1,44.0000,44.0000),(1751,'wisesia',4,61,'2017-12-06 19:50:12',1,50.0000,50.0000),(1752,'wisesia',4,104,'2017-12-06 19:50:12',1,50.0000,50.0000),(1753,'wisesia',4,67,'2017-12-06 19:50:12',1,50.0000,50.0000),(1754,'wisesia',4,80,'2017-12-06 19:50:12',1,50.0000,50.0000),(1755,'wisesia',4,110,'2017-12-06 19:50:12',1,50.0000,50.0000),(1756,'wisesia',4,58,'2017-12-06 19:50:12',1,50.0000,50.0000),(1757,'wisesia',4,59,'2017-12-06 19:50:12',3,53.0667,13.2667),(1758,'wisesia',4,53,'2017-12-06 19:50:21',1,50.0000,50.0000),(1759,'wisesia',4,106,'2017-12-06 19:50:21',1,44.0000,44.0000),(1760,'bettertoday',4,97,'2017-12-10 16:11:39',1,50.0000,50.0000),(1761,'wisesia',4,30,'2017-12-10 16:56:52',1,39.8000,39.8000),(1762,'wisesia',4,65,'2017-12-10 16:56:52',1,51.7714,51.7714),(1763,'wisesia',4,93,'2017-12-10 16:56:52',1,46.8667,46.8667),(1764,'wisesia',4,120,'2017-12-10 16:56:52',1,50.0000,50.0000),(1765,'wisesia',4,121,'2017-12-10 16:56:52',1,50.0000,50.0000),(1766,'wisesia',4,102,'2017-12-10 16:56:52',1,35.4000,35.4000),(1767,'wisesia',4,89,'2017-12-10 16:56:52',1,50.0000,50.0000),(1768,'wisesia',4,82,'2017-12-10 16:56:52',1,41.4000,41.4000),(1769,'wisesia',4,27,'2017-12-10 16:56:52',1,17.2000,17.2000),(1770,'wisesia',4,15,'2017-12-10 16:56:52',1,51.2400,51.2400),(1771,'wisesia',4,11,'2017-12-10 16:57:57',2,41.7091,20.8545),(1772,'wisesia',4,44,'2017-12-10 16:57:57',1,37.2000,37.2000),(1773,'wisesia',4,67,'2017-12-10 16:57:57',2,49.9333,24.9667),(1774,'wisesia',4,106,'2017-12-10 16:57:57',1,44.0000,44.0000),(1775,'wisesia',4,53,'2017-12-10 16:57:57',1,50.0000,50.0000),(1776,'wisesia',4,116,'2017-12-10 16:57:57',1,50.0000,50.0000),(1777,'wisesia',4,79,'2017-12-10 16:57:57',1,50.1500,50.1500),(1778,'wisesia',4,40,'2017-12-10 16:57:57',2,43.4667,21.7333),(1779,'wisesia',4,70,'2017-12-10 16:57:57',1,50.0000,50.0000),(1780,'wisesia',4,128,'2017-12-10 16:57:57',1,50.0000,50.0000),(1781,'wisesia',4,51,'2017-12-10 16:58:56',1,58.6800,58.6800),(1782,'wisesia',4,142,'2017-12-10 16:58:56',1,50.0000,50.0000),(1783,'wisesia',4,11,'2017-12-10 16:58:56',1,42.3667,42.3667),(1784,'wisesia',4,107,'2017-12-10 16:58:56',1,44.0000,44.0000),(1785,'wisesia',4,19,'2017-12-10 16:58:56',1,50.0000,50.0000),(1786,'wisesia',4,120,'2017-12-10 16:58:56',1,50.0000,50.0000),(1787,'wisesia',4,51,'2017-12-10 16:58:56',1,50.0000,50.0000),(1788,'wisesia',4,52,'2017-12-10 16:58:56',1,50.0000,50.0000),(1789,'wisesia',4,16,'2017-12-10 16:58:56',1,50.0000,50.0000),(1790,'wisesia',4,69,'2017-12-10 16:58:56',2,46.7556,23.3778),(1791,'wisesia',4,33,'2017-12-10 16:59:21',1,50.0000,50.0000),(1792,'wisesia',4,110,'2017-12-10 16:59:21',1,44.0000,44.0000),(1793,'wisesia',4,44,'2017-12-10 16:59:21',1,37.2000,37.2000),(1794,'wisesia',4,38,'2017-12-10 16:59:21',1,50.0000,50.0000),(1795,'wisesia',4,121,'2017-12-10 16:59:21',1,44.0000,44.0000),(1796,'wisesia',4,41,'2017-12-10 16:59:21',1,50.0000,50.0000),(1797,'wisesia',4,74,'2017-12-10 17:00:30',1,32.8000,32.8000),(1798,'wisesia',4,69,'2017-12-10 17:00:30',2,47.2632,23.6316),(1799,'wisesia',4,106,'2017-12-10 17:00:30',1,44.0000,44.0000),(1800,'wisesia',4,32,'2017-12-10 17:00:30',1,45.6000,45.6000),(1801,'wisesia',4,63,'2017-12-10 17:00:30',2,35.2933,17.6467),(1802,'wisesia',4,84,'2017-12-10 17:00:30',1,50.0000,50.0000),(1803,'wisesia',4,72,'2017-12-10 17:00:30',2,52.7029,26.3514),(1804,'wisesia',4,16,'2017-12-10 17:00:30',1,50.0000,50.0000),(1805,'wisesia',4,12,'2017-12-10 17:00:30',1,50.0000,50.0000),(1806,'wisesia',4,17,'2017-12-10 17:00:30',1,50.0000,50.0000),(1807,'bettertoday',4,53,'2017-12-10 17:09:04',1,50.0000,50.0000),(1808,'bettertoday',4,98,'2017-12-10 17:09:04',1,52.6000,52.6000),(1809,'bettertoday',4,73,'2017-12-10 17:09:04',1,52.6000,52.6000),(1810,'bettertoday',4,55,'2017-12-10 17:09:04',1,50.0000,50.0000),(1811,'bettertoday',4,77,'2017-12-10 17:09:04',1,52.6000,52.6000),(1812,'bettertoday',4,28,'2017-12-10 17:09:04',1,50.0000,50.0000),(1813,'bettertoday',4,78,'2017-12-10 17:09:04',1,50.0000,50.0000),(1814,'bettertoday',4,59,'2017-12-10 17:09:04',1,54.5429,54.5429),(1815,'bettertoday',4,51,'2017-12-10 17:09:04',1,58.1937,58.1937),(1816,'bettertoday',4,21,'2017-12-10 17:09:04',1,50.0000,50.0000),(1817,'bettertoday',4,79,'2017-12-10 17:09:59',1,49.2889,49.2889),(1818,'bettertoday',4,74,'2017-12-10 17:09:59',1,50.0000,50.0000),(1819,'bettertoday',4,41,'2017-12-10 17:09:59',1,50.0000,50.0000),(1822,'bettertoday',4,62,'2017-12-10 17:09:59',1,50.0000,50.0000),(1823,'bettertoday',4,109,'2017-12-10 17:09:59',1,46.0667,46.0667),(1824,'bettertoday',4,29,'2017-12-10 17:09:59',1,48.4000,48.4000),(1825,'bettertoday',4,142,'2017-12-10 17:09:59',1,50.0000,50.0000),(1826,'bettertoday',4,139,'2017-12-10 17:09:59',1,50.0000,50.0000),(1827,'bettertoday',4,127,'2017-12-10 17:10:39',1,50.0000,50.0000),(1829,'bettertoday',4,77,'2017-12-10 17:10:39',1,52.6000,52.6000),(1830,'bettertoday',4,15,'2017-12-10 17:10:39',1,51.1273,51.1273),(1831,'bettertoday',4,91,'2017-12-10 17:10:39',1,50.0000,50.0000),(2576,'bettertoday',5,71,'2017-12-10 21:38:02',1,59.9999,59.9999),(2577,'bettertoday',5,136,'2017-12-10 21:38:02',1,76.2000,76.2000),(1835,'bettertoday',4,71,'2017-12-10 17:10:39',1,50.0000,50.0000),(1836,'bettertoday',4,52,'2017-12-10 17:10:39',1,50.0000,50.0000),(1837,'bettertoday',4,32,'2017-12-10 17:11:17',1,45.6000,45.6000),(1838,'bettertoday',4,112,'2017-12-10 17:11:17',1,50.0000,50.0000),(1839,'bettertoday',4,88,'2017-12-10 17:11:17',1,46.4800,46.4800),(1840,'bettertoday',4,22,'2017-12-10 17:11:17',1,50.0000,50.0000),(1842,'bettertoday',4,124,'2017-12-10 17:11:17',1,50.0000,50.0000),(1843,'bettertoday',4,73,'2017-12-10 17:11:17',1,52.6000,52.6000),(2560,'bettertoday',5,108,'2017-12-10 21:37:20',1,59.9999,59.9999),(1845,'bettertoday',4,140,'2017-12-10 17:11:17',1,50.0000,50.0000),(1846,'bettertoday',4,109,'2017-12-10 17:11:17',1,45.7714,45.7714),(1847,'bettertoday',4,65,'2017-12-10 17:11:53',1,51.5500,51.5500),(1850,'bettertoday',4,109,'2017-12-10 17:11:53',1,50.0000,50.0000),(1851,'bettertoday',4,32,'2017-12-10 17:11:53',1,50.0000,50.0000),(1852,'bettertoday',4,72,'2017-12-10 17:11:53',1,53.2933,53.2933),(1853,'bettertoday',4,102,'2017-12-10 17:11:53',1,50.0000,50.0000),(1854,'bettertoday',4,119,'2017-12-10 17:11:53',1,50.0000,50.0000),(1855,'bettertoday',4,86,'2017-12-10 17:11:53',1,50.0000,50.0000),(1856,'bettertoday',4,14,'2017-12-10 17:44:01',1,50.0000,50.0000),(1857,'bettertoday',4,25,'2017-12-10 17:44:01',1,50.0000,50.0000),(1858,'bettertoday',4,123,'2017-12-10 17:44:01',1,50.0000,50.0000),(1859,'bettertoday',4,17,'2017-12-10 17:44:01',1,49.0000,49.0000),(2581,'bettertoday',5,37,'2017-12-10 21:38:39',1,70.8267,70.8267),(1862,'bettertoday',4,37,'2017-12-10 17:49:08',1,50.0000,50.0000),(2562,'bettertoday',5,11,'2017-12-10 21:37:20',1,62.9333,62.9333),(1864,'bettertoday',4,73,'2017-12-10 17:49:08',1,52.6000,52.6000),(1865,'bettertoday',4,51,'2017-12-10 17:49:08',1,57.9911,57.9911),(1866,'bettertoday',4,22,'2017-12-10 17:49:08',1,49.0000,49.0000),(1867,'bettertoday',4,130,'2017-12-10 17:49:08',1,50.0000,50.0000),(2559,'bettertoday',4,76,'2017-12-10 21:36:24',1,50.0000,50.0000),(1870,'bettertoday',4,95,'2017-12-10 17:49:51',1,50.0000,50.0000),(1871,'bettertoday',4,43,'2017-12-10 17:49:51',1,50.0000,50.0000),(1873,'bettertoday',4,57,'2017-12-10 17:49:51',1,50.0000,50.0000),(2565,'bettertoday',5,139,'2017-12-10 21:37:20',1,59.9999,59.9999),(1875,'bettertoday',4,98,'2017-12-10 17:49:51',1,50.0000,50.0000),(1876,'bettertoday',4,77,'2017-12-10 17:49:51',1,50.0000,50.0000),(1877,'bettertoday',4,135,'2017-12-10 17:49:51',1,50.0000,50.0000),(1878,'bettertoday',4,82,'2017-12-10 17:49:51',1,50.0000,50.0000),(1879,'bettertoday',4,119,'2017-12-10 17:49:51',1,50.0000,50.0000),(1880,'bettertoday',4,73,'2017-12-10 17:50:53',1,50.0000,50.0000),(1881,'bettertoday',4,48,'2017-12-10 17:50:53',1,54.1778,54.1778),(1882,'bettertoday',4,99,'2017-12-10 17:50:53',1,48.9600,48.9600),(1883,'bettertoday',4,63,'2017-12-10 17:50:53',1,49.0000,49.0000),(2579,'bettertoday',5,59,'2017-12-10 21:38:02',1,79.4800,79.4800),(2580,'bettertoday',5,65,'2017-12-10 21:38:39',1,59.9999,59.9999),(1886,'bettertoday',4,77,'2017-12-10 17:50:53',1,52.6000,52.6000),(1888,'bettertoday',4,99,'2017-12-10 17:50:53',1,48.9600,48.9600),(1890,'bettertoday',4,100,'2017-12-10 17:51:28',1,52.6000,52.6000),(1891,'bettertoday',4,45,'2017-12-10 17:51:28',1,50.0000,50.0000),(1892,'bettertoday',4,48,'2017-12-10 17:51:28',1,54.0400,54.0400),(1893,'bettertoday',4,32,'2017-12-10 17:51:28',1,50.0000,50.0000),(1894,'bettertoday',4,99,'2017-12-10 17:51:28',1,48.1333,48.1333),(1895,'bettertoday',4,114,'2017-12-10 17:51:28',1,56.4000,56.4000),(1896,'bettertoday',4,38,'2017-12-10 17:51:28',1,50.0000,50.0000),(1897,'bettertoday',4,51,'2017-12-10 17:51:28',1,57.8098,57.8098),(1898,'bettertoday',4,79,'2017-12-10 17:51:28',1,50.0000,50.0000),(1899,'bettertoday',4,109,'2017-12-10 17:51:28',1,45.3778,45.3778),(1900,'bettertoday',4,139,'2017-12-10 17:52:14',1,50.0000,50.0000),(1901,'bettertoday',4,99,'2017-12-10 17:52:14',1,47.8154,47.8154),(2568,'bettertoday',5,82,'2017-12-10 21:37:20',1,59.9999,59.9999),(2569,'bettertoday',5,76,'2017-12-10 21:37:20',1,78.6000,78.6000),(1904,'bettertoday',4,68,'2017-12-10 17:52:14',1,50.0000,50.0000),(1905,'bettertoday',4,94,'2017-12-10 17:52:14',1,49.0000,49.0000),(1906,'bettertoday',4,100,'2017-12-10 17:52:14',1,52.6000,52.6000),(1907,'bettertoday',4,9,'2017-12-10 17:52:14',1,50.0000,50.0000),(1908,'bettertoday',4,51,'2017-12-10 17:52:14',1,50.0000,50.0000),(1909,'bettertoday',4,89,'2017-12-10 17:52:14',1,45.7714,45.7714),(1910,'bettertoday',4,70,'2017-12-10 17:52:59',1,50.0000,50.0000),(2567,'bettertoday',5,11,'2017-12-10 21:37:20',1,59.9999,59.9999),(1912,'bettertoday',4,128,'2017-12-10 17:52:59',1,50.0000,50.0000),(1913,'bettertoday',4,51,'2017-12-10 17:52:59',1,57.4990,57.4990),(1914,'bettertoday',4,106,'2017-12-10 17:52:59',1,47.1000,47.1000),(1915,'bettertoday',4,37,'2017-12-10 17:52:59',1,50.0000,50.0000),(1916,'bettertoday',4,89,'2017-12-10 17:52:59',1,50.0000,50.0000),(1917,'bettertoday',4,36,'2017-12-10 17:52:59',1,50.0000,50.0000),(1918,'bettertoday',4,63,'2017-12-10 17:52:59',1,49.0000,49.0000),(1920,'bettertoday',4,65,'2017-12-10 17:53:15',1,51.3778,51.3778),(1921,'bettertoday',4,106,'2017-12-10 17:53:15',1,46.7556,46.7556),(1922,'bettertoday',4,104,'2017-12-10 17:53:15',1,50.2000,50.2000),(1923,'bettertoday',4,20,'2017-12-10 17:59:59',1,50.0000,50.0000),(1924,'bettertoday',4,36,'2017-12-10 17:59:59',1,50.0000,50.0000),(1925,'bettertoday',4,9,'2017-12-10 17:59:59',1,50.0000,50.0000),(1926,'bettertoday',4,128,'2017-12-10 17:59:59',1,49.9999,49.9999),(1927,'bettertoday',4,27,'2017-12-10 17:59:59',1,49.9999,49.9999),(1928,'bettertoday',4,21,'2017-12-10 17:59:59',1,50.0000,50.0000),(1929,'bettertoday',4,59,'2017-12-10 17:59:59',1,50.0000,50.0000),(1930,'bettertoday',4,124,'2017-12-10 17:59:59',1,50.0000,50.0000),(1931,'bettertoday',4,13,'2017-12-10 17:59:59',1,50.0000,50.0000),(1932,'bettertoday',4,143,'2017-12-10 17:59:59',1,50.0000,50.0000),(1933,'bettertoday',4,44,'2017-12-10 18:00:36',1,50.0000,50.0000),(1934,'bettertoday',4,52,'2017-12-10 18:00:36',1,49.9999,49.9999),(1935,'bettertoday',4,34,'2017-12-10 18:00:36',1,50.0000,50.0000),(1936,'bettertoday',4,64,'2017-12-10 18:00:36',1,49.9999,49.9999),(1937,'bettertoday',4,82,'2017-12-10 18:00:36',1,49.9999,49.9999),(1938,'bettertoday',4,67,'2017-12-10 18:00:36',1,50.0000,50.0000),(1939,'bettertoday',4,24,'2017-12-10 18:00:36',1,49.9999,49.9999),(1940,'bettertoday',4,88,'2017-12-10 18:00:36',1,49.9999,49.9999),(1941,'bettertoday',4,108,'2017-12-10 18:00:36',1,50.0000,50.0000),(1942,'bettertoday',4,16,'2017-12-10 18:00:36',1,50.0000,50.0000),(1943,'bettertoday',4,143,'2017-12-10 18:01:21',1,50.0000,50.0000),(1944,'bettertoday',4,130,'2017-12-10 18:01:21',1,49.9999,49.9999),(1945,'bettertoday',4,109,'2017-12-10 18:01:21',1,50.0000,50.0000),(1946,'bettertoday',4,120,'2017-12-10 18:01:21',1,50.0000,50.0000),(1947,'bettertoday',4,37,'2017-12-10 18:01:21',1,49.9999,49.9999),(1948,'bettertoday',4,77,'2017-12-10 18:01:21',1,52.6000,52.6000),(1949,'bettertoday',4,93,'2017-12-10 18:01:21',1,50.0000,50.0000),(1951,'bettertoday',4,108,'2017-12-10 18:01:21',1,49.9999,49.9999),(1952,'bettertoday',4,48,'2017-12-10 18:01:21',1,50.0000,50.0000),(1953,'bettertoday',4,104,'2017-12-10 18:01:57',1,49.9999,49.9999),(1954,'bettertoday',4,51,'2017-12-10 18:01:57',1,57.3649,57.3649),(1955,'bettertoday',4,67,'2017-12-10 18:01:57',1,50.2286,50.2286),(1956,'bettertoday',4,62,'2017-12-10 18:01:57',1,50.0000,50.0000),(1957,'bettertoday',4,82,'2017-12-10 18:01:57',1,50.0000,50.0000),(1958,'bettertoday',4,135,'2017-12-10 18:01:57',1,50.0000,50.0000),(1959,'bettertoday',4,28,'2017-12-10 18:01:57',1,49.9999,49.9999),(1960,'bettertoday',4,130,'2017-12-10 18:01:57',1,49.9999,49.9999),(1961,'bettertoday',4,139,'2017-12-10 18:01:57',1,49.9999,49.9999),(1962,'bettertoday',4,27,'2017-12-10 18:01:57',1,50.0000,50.0000),(1963,'bettertoday',4,104,'2017-12-10 18:01:59',1,49.9999,49.9999),(1964,'bettertoday',4,51,'2017-12-10 18:01:59',1,57.3649,57.3649),(1965,'bettertoday',4,67,'2017-12-10 18:01:59',1,50.2286,50.2286),(1966,'bettertoday',4,62,'2017-12-10 18:01:59',1,50.0000,50.0000),(1967,'bettertoday',4,82,'2017-12-10 18:01:59',1,50.0000,50.0000),(1968,'bettertoday',4,135,'2017-12-10 18:01:59',1,50.0000,50.0000),(1969,'bettertoday',4,28,'2017-12-10 18:01:59',1,49.9999,49.9999),(1970,'bettertoday',4,130,'2017-12-10 18:01:59',1,49.9999,49.9999),(1971,'bettertoday',4,139,'2017-12-10 18:01:59',1,49.9999,49.9999),(1972,'bettertoday',4,27,'2017-12-10 18:01:59',1,50.0000,50.0000),(1973,'bettertoday',4,104,'2017-12-10 18:02:04',1,49.9999,49.9999),(1974,'bettertoday',4,51,'2017-12-10 18:02:04',1,57.3649,57.3649),(1975,'bettertoday',4,67,'2017-12-10 18:02:04',1,50.2286,50.2286),(1976,'bettertoday',4,62,'2017-12-10 18:02:04',1,50.0000,50.0000),(1977,'bettertoday',4,82,'2017-12-10 18:02:04',1,50.0000,50.0000),(1978,'bettertoday',4,135,'2017-12-10 18:02:04',1,50.0000,50.0000),(1979,'bettertoday',4,28,'2017-12-10 18:02:04',1,49.9999,49.9999),(1980,'bettertoday',4,130,'2017-12-10 18:02:04',1,49.9999,49.9999),(1981,'bettertoday',4,139,'2017-12-10 18:02:04',1,49.9999,49.9999),(1982,'bettertoday',4,27,'2017-12-10 18:02:04',1,50.0000,50.0000),(1983,'bettertoday',4,103,'2017-12-10 18:02:42',1,50.0000,50.0000),(1984,'bettertoday',4,59,'2017-12-10 18:02:42',1,53.7556,53.7556),(1985,'bettertoday',4,65,'2017-12-10 18:02:42',1,50.0000,50.0000),(1986,'bettertoday',4,88,'2017-12-10 18:02:42',1,50.0000,50.0000),(1987,'bettertoday',4,77,'2017-12-10 18:02:42',1,52.6000,52.6000),(1988,'bettertoday',4,94,'2017-12-10 18:02:42',1,49.9999,49.9999),(1989,'bettertoday',4,99,'2017-12-10 18:02:42',1,49.9999,49.9999),(1990,'bettertoday',4,48,'2017-12-10 18:02:42',1,53.8333,53.8333),(1991,'bettertoday',4,67,'2017-12-10 18:02:42',1,50.0000,50.0000),(1992,'bettertoday',4,22,'2017-12-10 18:02:42',1,49.9999,49.9999),(1993,'bettertoday',4,106,'2017-12-10 18:02:51',1,49.9999,49.9999),(1994,'bettertoday',4,86,'2017-12-10 18:04:40',1,49.9999,49.9999),(1995,'bettertoday',4,26,'2017-12-10 18:04:40',1,50.0000,50.0000),(1996,'bettertoday',4,97,'2017-12-10 18:04:40',1,49.9999,49.9999),(1997,'bettertoday',4,96,'2017-12-10 18:04:40',1,50.0000,50.0000),(1998,'bettertoday',4,36,'2017-12-10 18:04:40',1,50.0000,50.0000),(1999,'bettertoday',4,57,'2017-12-10 18:04:40',1,50.0000,50.0000),(2000,'bettertoday',4,108,'2017-12-10 18:04:40',1,50.0000,50.0000),(2001,'bettertoday',4,117,'2017-12-10 18:04:40',1,52.6000,52.6000),(2002,'bettertoday',4,62,'2017-12-10 18:04:40',1,50.0000,50.0000),(2003,'bettertoday',4,58,'2017-12-10 18:04:40',1,50.0000,50.0000),(2004,'bettertoday',4,25,'2017-12-10 18:05:23',1,50.0000,50.0000),(2005,'bettertoday',4,91,'2017-12-10 18:05:23',1,50.0000,50.0000),(2006,'bettertoday',4,13,'2017-12-10 18:05:23',1,50.0000,50.0000),(2007,'bettertoday',4,11,'2017-12-10 18:05:23',1,49.9999,49.9999),(2008,'bettertoday',4,106,'2017-12-10 18:05:23',1,49.9999,49.9999),(2009,'bettertoday',4,76,'2017-12-10 18:05:23',1,50.0000,50.0000),(2010,'bettertoday',4,117,'2017-12-10 18:05:23',1,52.6000,52.6000),(2011,'bettertoday',4,119,'2017-12-10 18:05:23',1,49.9999,49.9999),(2558,'bettertoday',4,22,'2017-12-10 21:34:06',1,50.0000,50.0000),(2013,'bettertoday',4,77,'2017-12-10 18:05:23',1,52.6000,52.6000),(2014,'bettertoday',4,45,'2017-12-10 18:06:12',1,50.0000,50.0000),(2015,'bettertoday',4,11,'2017-12-10 18:06:12',1,49.9999,49.9999),(2016,'bettertoday',4,53,'2017-12-10 18:06:12',1,50.0000,50.0000),(2017,'bettertoday',4,140,'2017-12-10 18:06:12',1,50.0000,50.0000),(2018,'bettertoday',4,48,'2017-12-10 18:06:12',1,53.7538,53.7538),(2019,'bettertoday',4,99,'2017-12-10 18:06:12',1,49.9999,49.9999),(2020,'bettertoday',4,124,'2017-12-10 18:06:12',1,49.9999,49.9999),(2021,'bettertoday',4,72,'2017-12-10 18:06:12',1,53.0350,53.0350),(2022,'bettertoday',4,106,'2017-12-10 18:06:12',1,49.9999,49.9999),(2024,'bettertoday',4,45,'2017-12-10 18:06:15',1,50.0000,50.0000),(2025,'bettertoday',4,11,'2017-12-10 18:06:15',1,49.9999,49.9999),(2026,'bettertoday',4,53,'2017-12-10 18:06:15',1,50.0000,50.0000),(2027,'bettertoday',4,140,'2017-12-10 18:06:15',1,50.0000,50.0000),(2028,'bettertoday',4,48,'2017-12-10 18:06:15',1,53.7538,53.7538),(2029,'bettertoday',4,99,'2017-12-10 18:06:15',1,49.9999,49.9999),(2030,'bettertoday',4,124,'2017-12-10 18:06:15',1,49.9999,49.9999),(2031,'bettertoday',4,72,'2017-12-10 18:06:15',1,53.0350,53.0350),(2032,'bettertoday',4,106,'2017-12-10 18:06:15',1,49.9999,49.9999),(2557,'bettertoday',4,88,'2017-12-10 21:31:23',1,50.0000,50.0000),(2035,'level001',1,49,'2017-12-10 20:23:58',4,50.0000,0.0000),(2036,'level001',1,19,'2017-12-10 20:23:58',4,50.0000,0.0000),(2037,'level001',1,57,'2017-12-10 20:23:58',4,45.8000,0.0000),(2038,'level001',1,120,'2017-12-10 20:23:58',4,50.0000,0.0000),(2039,'level001',1,119,'2017-12-10 20:23:58',3,44.0000,11.0000),(2040,'level001',1,114,'2017-12-10 20:23:58',4,50.0000,0.0000),(2041,'level001',1,66,'2017-12-10 20:23:58',4,39.8000,0.0000),(2042,'level001',1,121,'2017-12-10 20:23:58',4,44.0000,0.0000),(2043,'level001',1,103,'2017-12-10 20:23:58',4,45.1273,0.0000),(2044,'level001',1,12,'2017-12-10 20:23:58',4,25.8000,0.0000),(2045,'level001',1,50,'2017-12-10 20:25:41',2,43.9333,21.9667),(2046,'level001',1,121,'2017-12-10 20:25:41',4,58.6000,0.0000),(2047,'level001',1,13,'2017-12-10 20:25:41',4,50.0000,0.0000),(2048,'level001',1,24,'2017-12-10 20:25:41',3,31.0000,7.7500),(2049,'level001',1,96,'2017-12-10 20:25:41',4,50.0000,0.0000),(2050,'level001',1,15,'2017-12-10 20:25:41',3,50.0000,12.5000),(2051,'level001',1,81,'2017-12-10 20:25:41',4,39.8000,0.0000),(2052,'level001',1,10,'2017-12-10 20:25:41',4,31.2000,0.0000),(2053,'level001',1,87,'2017-12-10 20:27:03',3,35.7000,8.9250),(2054,'level001',1,50,'2017-12-10 20:27:03',3,58.5333,14.6333),(2055,'level001',1,47,'2017-12-10 20:27:03',3,37.2000,9.3000),(2056,'level001',1,135,'2017-12-10 20:27:03',3,44.0000,11.0000),(2057,'level001',1,70,'2017-12-10 20:27:03',3,50.0000,12.5000),(2058,'level001',1,60,'2017-12-10 20:27:03',3,50.0000,12.5000),(2059,'level001',1,55,'2017-12-10 20:27:03',3,38.9333,9.7333),(2060,'level001',1,43,'2017-12-10 20:27:03',3,28.6000,7.1500),(2061,'level001',1,66,'2017-12-10 20:27:03',3,54.4000,13.6000),(2062,'level001',1,57,'2017-12-10 20:27:03',3,50.0000,12.5000),(2063,'level001',1,96,'2017-12-10 20:27:13',3,50.0000,12.5000),(2064,'level001',1,130,'2017-12-10 20:28:11',3,44.0000,11.0000),(2065,'level001',1,119,'2017-12-10 20:28:11',2,50.0000,25.0000),(2066,'level001',1,131,'2017-12-10 20:28:11',2,50.0000,25.0000),(2067,'level001',1,128,'2017-12-10 20:28:11',2,47.1000,23.5500),(2068,'level001',1,93,'2017-12-10 20:28:11',2,50.0000,25.0000),(2069,'level001',1,70,'2017-12-10 20:28:11',2,51.5333,25.7667),(2070,'level001',1,81,'2017-12-10 20:28:11',2,50.0000,25.0000),(2071,'level001',1,121,'2017-12-10 20:28:11',2,58.6000,29.3000),(2072,'level001',1,11,'2017-12-10 20:28:11',2,50.0000,25.0000),(2073,'level001',1,10,'2017-12-10 20:28:11',2,45.8000,22.9000),(2074,'level001',1,18,'2017-12-10 20:28:41',2,35.4000,17.7000),(2075,'level001',1,63,'2017-12-10 20:28:41',2,35.1026,17.5513),(2076,'level001',1,13,'2017-12-10 20:28:41',2,50.0000,25.0000),(2077,'level001',1,44,'2017-12-10 20:28:41',2,50.0000,25.0000),(2078,'level001',1,25,'2017-12-10 20:28:41',2,28.6000,14.3000),(2079,'level002',1,128,'2017-12-10 20:30:49',2,61.7000,30.8500),(2080,'level002',1,20,'2017-12-10 20:30:49',3,28.4000,7.1000),(2081,'level002',1,104,'2017-12-10 20:30:49',2,46.0667,23.0333),(2082,'level002',1,66,'2017-12-10 20:30:49',3,54.4000,13.6000),(2083,'level002',1,116,'2017-12-10 20:30:49',3,50.0000,12.5000),(2084,'level002',1,67,'2017-12-10 20:30:49',3,50.0000,12.5000),(2085,'level002',1,49,'2017-12-10 20:30:49',3,48.6073,12.1518),(2086,'level002',1,135,'2017-12-10 20:30:49',3,50.0000,12.5000),(2087,'level002',1,15,'2017-12-10 20:30:49',2,65.6333,32.8167),(2088,'level002',1,19,'2017-12-10 20:30:49',3,50.0000,12.5000),(2089,'level002',1,59,'2017-12-10 20:32:11',2,50.0000,25.0000),(2090,'level002',1,73,'2017-12-10 20:32:11',2,50.0000,25.0000),(2091,'level002',1,61,'2017-12-10 20:32:11',2,36.5800,18.2900),(2092,'level002',1,15,'2017-12-10 20:32:11',2,65.6333,32.8167),(2093,'level002',1,52,'2017-12-10 20:32:11',2,19.9999,10.0000),(2094,'level002',1,64,'2017-12-10 20:32:11',2,50.0000,25.0000),(2095,'level002',1,104,'2017-12-10 20:32:11',2,60.6667,30.3333),(2096,'level002',1,32,'2017-12-10 20:32:11',2,45.6000,22.8000),(2097,'level002',1,35,'2017-12-10 20:32:11',2,31.2000,15.6000),(2098,'level002',1,142,'2017-12-10 20:32:11',2,50.0000,25.0000),(2099,'level002',1,60,'2017-12-10 20:33:07',2,50.0000,25.0000),(2100,'level002',1,62,'2017-12-10 20:33:07',2,50.0000,25.0000),(2101,'level002',1,71,'2017-12-10 20:33:07',2,37.2000,18.6000),(2102,'level002',1,63,'2017-12-10 20:33:07',2,49.7026,24.8513),(2103,'level002',1,57,'2017-12-10 20:33:07',2,60.4000,30.2000),(2104,'level002',1,49,'2017-12-10 20:33:07',4,50.0000,0.0000),(2105,'level002',1,20,'2017-12-10 20:33:07',2,43.0000,21.5000),(2106,'level002',1,32,'2017-12-10 20:33:07',2,50.0000,25.0000),(2107,'level002',1,103,'2017-12-10 20:33:07',2,59.7273,29.8636),(2108,'level002',1,13,'2017-12-10 20:33:07',1,50.0000,50.0000),(2109,'level002',2,104,'2017-12-10 20:34:09',2,60.6667,30.3333),(2110,'level002',2,103,'2017-12-10 20:34:09',3,59.7273,14.9318),(2111,'level002',2,9,'2017-12-10 20:34:09',3,35.2800,8.8200),(2112,'level002',2,52,'2017-12-10 20:34:09',1,31.8000,31.8000),(2113,'level002',2,62,'2017-12-10 20:34:09',2,50.0000,25.0000),(2114,'level002',2,102,'2017-12-10 20:34:09',2,35.4000,17.7000),(2115,'level002',2,53,'2017-12-10 20:34:09',3,50.0000,12.5000),(2116,'level002',2,85,'2017-12-10 20:34:09',2,35.4000,17.7000),(2117,'level002',2,49,'2017-12-10 20:34:09',2,48.6073,24.3036),(2118,'level002',2,17,'2017-12-10 20:34:09',1,50.0000,50.0000),(2119,'level002',2,102,'2017-12-10 20:35:24',2,46.8000,23.4000),(2120,'level002',2,132,'2017-12-10 20:35:24',3,50.0000,12.5000),(2121,'level002',2,52,'2017-12-10 20:35:24',1,50.0000,50.0000),(2122,'level002',2,83,'2017-12-10 20:35:24',1,50.0000,50.0000),(2123,'level002',2,105,'2017-12-10 20:35:24',2,50.0000,25.0000),(2124,'level002',2,15,'2017-12-10 20:35:24',1,65.6333,65.6333),(2125,'level002',2,26,'2017-12-10 20:35:24',2,37.2000,18.6000),(2126,'level002',2,60,'2017-12-10 20:35:24',2,47.4667,23.7333),(2127,'level002',2,136,'2017-12-10 20:35:24',2,50.0000,25.0000),(2128,'level002',2,58,'2017-12-10 20:35:24',1,48.4000,48.4000),(2129,'level002',2,31,'2017-12-10 20:35:43',1,50.0000,50.0000),(2130,'level002',2,46,'2017-12-10 20:35:43',2,33.6800,16.8400),(2131,'level002',2,82,'2017-12-10 20:35:43',2,41.4000,20.7000),(2132,'level003',1,33,'2017-12-10 20:37:29',2,50.0000,25.0000),(2133,'level003',1,49,'2017-12-10 20:37:29',2,50.0000,25.0000),(2134,'level003',1,78,'2017-12-10 20:37:29',1,50.0000,50.0000),(2135,'level003',1,48,'2017-12-10 20:37:29',2,53.6267,26.8133),(2136,'level003',1,58,'2017-12-10 20:37:29',1,50.0000,50.0000),(2137,'level003',1,119,'2017-12-10 20:37:29',1,58.6000,58.6000),(2138,'level003',1,103,'2017-12-10 20:37:29',2,50.0000,25.0000),(2139,'level003',1,85,'2017-12-10 20:37:29',2,46.8000,23.4000),(2140,'level003',1,101,'2017-12-10 20:37:29',2,37.4667,18.7333),(2141,'level003',1,48,'2017-12-10 20:37:29',2,50.0000,25.0000),(2142,'level003',3,58,'2017-12-10 20:38:42',2,39.9999,20.0000),(2143,'level003',3,74,'2017-12-10 20:38:42',2,39.9999,20.0000),(2144,'level003',3,78,'2017-12-10 20:38:42',1,39.9999,39.9999),(2145,'level003',3,39,'2017-12-10 20:38:42',1,50.0000,50.0000),(2146,'level003',3,66,'2017-12-10 20:38:42',2,50.0000,25.0000),(2147,'level003',3,36,'2017-12-10 20:38:42',2,39.9999,20.0000),(2148,'level003',3,65,'2017-12-10 20:38:42',2,51.1273,25.5636),(2149,'level003',3,111,'2017-12-10 20:38:42',2,50.0000,25.0000),(2150,'level003',3,67,'2017-12-10 20:38:42',2,50.0000,25.0000),(2151,'level003',3,44,'2017-12-10 20:38:42',1,51.8000,51.8000),(2152,'level003',3,20,'2017-12-10 20:39:59',1,50.0000,50.0000),(2153,'level003',3,80,'2017-12-10 20:39:59',2,39.9999,20.0000),(2154,'level003',3,61,'2017-12-10 20:39:59',2,50.0000,25.0000),(2155,'level003',3,93,'2017-12-10 20:39:59',2,50.0000,25.0000),(2156,'level003',3,74,'2017-12-10 20:39:59',3,39.9999,10.0000),(2157,'level003',3,9,'2017-12-10 20:39:59',2,46.6800,23.3400),(2158,'level003',3,21,'2017-12-10 20:39:59',2,50.0000,25.0000),(2159,'level003',3,89,'2017-12-10 20:39:59',2,45.3778,22.6889),(2160,'level003',3,99,'2017-12-10 20:39:59',1,46.9176,46.9176),(2161,'level003',3,33,'2017-12-10 20:39:59',3,50.0000,12.5000),(2162,'level003',2,97,'2017-12-10 20:41:16',1,50.0000,50.0000),(2163,'level003',2,87,'2017-12-10 20:41:16',1,50.0000,50.0000),(2164,'level003',2,65,'2017-12-10 20:41:16',2,51.1273,25.5636),(2165,'level003',2,30,'2017-12-10 20:41:16',4,39.8000,0.0000),(2166,'level003',2,112,'2017-12-10 20:41:16',2,35.4000,17.7000),(2167,'level003',2,49,'2017-12-10 20:41:16',1,60.0073,60.0073),(2168,'level003',2,66,'2017-12-10 20:41:16',2,63.0000,31.5000),(2169,'level003',2,44,'2017-12-10 20:41:16',1,50.0000,50.0000),(2170,'level003',2,43,'2017-12-10 20:41:16',1,43.2000,43.2000),(2171,'level003',2,93,'2017-12-10 20:41:16',2,62.9000,31.4500),(2172,'bettertoday',4,130,'2017-12-10 20:43:01',1,58.6000,58.6000),(2173,'bettertoday',4,28,'2017-12-10 20:43:01',1,49.9999,49.9999),(2174,'bettertoday',4,49,'2017-12-10 20:43:01',1,49.9999,49.9999),(2175,'bettertoday',4,131,'2017-12-10 20:43:01',1,64.8000,64.8000),(2176,'bettertoday',4,79,'2017-12-10 20:43:01',1,50.0000,50.0000),(2177,'bettertoday',4,24,'2017-12-10 20:43:01',1,50.0000,50.0000),(2178,'bettertoday',4,34,'2017-12-10 20:43:01',1,50.0000,50.0000),(2179,'bettertoday',4,128,'2017-12-10 20:43:01',1,61.7000,61.7000),(2180,'bettertoday',4,105,'2017-12-10 20:43:01',1,61.6000,61.6000),(2181,'bettertoday',4,74,'2017-12-10 20:43:01',1,50.0000,50.0000),(2182,'bettertoday',4,92,'2017-12-10 20:43:40',1,50.0000,50.0000),(2183,'bettertoday',4,81,'2017-12-10 20:43:40',1,54.4000,54.4000),(2184,'bettertoday',4,140,'2017-12-10 20:43:40',1,50.0000,50.0000),(2185,'bettertoday',4,105,'2017-12-10 20:43:40',1,55.4000,55.4000),(2186,'bettertoday',4,46,'2017-12-10 20:43:40',1,50.0000,50.0000),(2187,'bettertoday',4,100,'2017-12-10 20:43:40',1,50.0000,50.0000),(2188,'bettertoday',4,49,'2017-12-10 20:43:40',1,49.9999,49.9999),(2189,'bettertoday',4,82,'2017-12-10 20:43:40',1,50.0000,50.0000),(2190,'bettertoday',4,124,'2017-12-10 20:43:40',1,49.9999,49.9999),(2191,'bettertoday',4,57,'2017-12-10 20:43:40',1,60.4000,60.4000),(2192,'bettertoday',4,88,'2017-12-10 20:44:19',1,50.0000,50.0000),(2193,'bettertoday',4,69,'2017-12-10 20:44:19',1,49.9999,49.9999),(2194,'bettertoday',4,76,'2017-12-10 20:44:19',1,49.9999,49.9999),(2195,'bettertoday',4,29,'2017-12-10 20:44:19',1,49.9999,49.9999),(2196,'bettertoday',4,67,'2017-12-10 20:44:19',1,64.7400,64.7400),(2197,'bettertoday',4,92,'2017-12-10 20:44:19',1,50.0000,50.0000),(2198,'bettertoday',4,43,'2017-12-10 20:44:19',1,50.0000,50.0000),(2199,'bettertoday',4,25,'2017-12-10 20:44:19',1,49.9999,49.9999),(2200,'bettertoday',4,107,'2017-12-10 20:44:19',1,50.0000,50.0000),(2201,'bettertoday',4,112,'2017-12-10 20:44:19',1,49.9999,49.9999),(2202,'bettertoday',4,111,'2017-12-10 20:44:31',1,58.8000,58.8000),(2203,'level001',1,42,'2017-12-10 20:49:25',1,50.0000,50.0000),(2204,'level001',1,131,'2017-12-10 20:49:25',2,50.0000,25.0000),(2205,'level001',1,58,'2017-12-10 20:49:25',2,22.4000,11.2000),(2206,'level001',1,90,'2017-12-10 20:49:25',1,45.7714,45.7714),(2207,'level001',1,58,'2017-12-10 20:49:25',4,50.0000,0.0000),(2208,'level001',1,31,'2017-12-10 20:49:25',2,25.8000,12.9000),(2209,'level001',1,94,'2017-12-10 20:49:25',2,50.0000,25.0000),(2210,'level001',1,135,'2017-12-10 20:49:25',2,50.0000,25.0000),(2211,'level001',1,12,'2017-12-10 20:49:25',2,40.4000,20.2000),(2212,'level001',1,49,'2017-12-10 20:49:25',2,48.4338,24.2169),(2213,'level001',1,58,'2017-12-10 20:50:45',1,41.8667,41.8667),(2214,'level001',1,55,'2017-12-10 20:50:45',2,50.0000,25.0000),(2215,'level001',1,67,'2017-12-10 20:50:45',2,64.5333,32.2667),(2216,'level001',1,103,'2017-12-10 20:50:45',1,50.0000,50.0000),(2217,'level001',1,56,'2017-12-10 20:50:45',2,31.2000,15.6000),(2218,'level001',1,83,'2017-12-10 20:50:45',2,36.7333,18.3667),(2219,'level001',1,103,'2017-12-10 20:50:45',1,71.1273,71.1273),(2220,'level001',1,14,'2017-12-10 20:50:45',2,37.2000,18.6000),(2221,'level001',1,36,'2017-12-10 20:50:45',2,41.4000,20.7000),(2222,'level001',1,84,'2017-12-10 20:50:45',2,35.4000,17.7000),(2223,'level001',1,81,'2017-12-10 20:51:59',2,50.0000,25.0000),(2224,'level001',1,84,'2017-12-10 20:51:59',2,50.0000,25.0000),(2225,'level001',1,132,'2017-12-10 20:51:59',2,61.6000,30.8000),(2226,'level001',1,26,'2017-12-10 20:51:59',2,50.0000,25.0000),(2227,'level001',1,76,'2017-12-10 20:51:59',2,50.0000,25.0000),(2228,'level001',1,50,'2017-12-10 20:51:59',1,58.5333,58.5333),(2229,'level001',1,118,'2017-12-10 20:51:59',2,52.6000,26.3000),(2230,'level001',1,90,'2017-12-10 20:51:59',1,31.1714,31.1714),(2231,'level001',1,52,'2017-12-10 20:51:59',2,31.8000,15.9000),(2232,'level001',1,108,'2017-12-10 20:51:59',2,50.0000,25.0000),(2233,'level001',1,92,'2017-12-10 20:53:15',1,50.0000,50.0000),(2234,'level001',1,44,'2017-12-10 20:53:15',3,31.8000,7.9500),(2235,'level001',1,60,'2017-12-10 20:53:15',2,50.0000,25.0000),(2236,'level001',1,102,'2017-12-10 20:53:15',2,50.0000,25.0000),(2237,'level001',1,23,'2017-12-10 20:53:15',2,31.2000,15.6000),(2238,'level001',1,13,'2017-12-10 20:53:15',2,48.8667,24.4333),(2239,'level001',1,58,'2017-12-10 20:53:15',1,37.0000,37.0000),(2240,'level001',1,111,'2017-12-10 20:53:15',2,50.0000,25.0000),(2241,'level001',1,107,'2017-12-10 20:53:15',2,50.0000,25.0000),(2242,'level001',1,95,'2017-12-10 20:53:15',1,44.0000,44.0000),(2243,'level001',1,52,'2017-12-10 20:54:51',2,31.8000,15.9000),(2244,'level001',1,37,'2017-12-10 20:54:51',2,40.4889,20.2444),(2245,'level001',1,90,'2017-12-10 20:54:51',1,31.1714,31.1714),(2246,'level001',1,15,'2017-12-10 20:54:51',2,54.2333,27.1167),(2247,'level001',1,111,'2017-12-10 20:54:51',2,50.0000,25.0000),(2248,'level001',1,42,'2017-12-10 20:54:51',3,19.9999,5.0000),(2249,'level001',1,20,'2017-12-10 20:54:51',2,34.4000,17.2000),(2250,'level001',1,55,'2017-12-10 20:54:51',2,50.0000,25.0000),(2251,'level001',1,129,'2017-12-10 20:54:51',1,50.0000,50.0000),(2252,'level001',1,73,'2017-12-10 20:54:51',2,50.0000,25.0000),(2253,'level001',1,114,'2017-12-10 20:55:45',2,50.0000,25.0000),(2254,'level001',1,66,'2017-12-10 20:55:45',2,74.4000,37.2000),(2255,'level001',1,118,'2017-12-10 20:55:45',2,50.0000,25.0000),(2256,'level001',1,44,'2017-12-10 20:55:45',1,50.0000,50.0000),(2257,'level001',1,28,'2017-12-10 20:55:45',2,50.0000,25.0000),(2258,'level001',1,95,'2017-12-10 20:55:45',1,50.0000,50.0000),(2259,'level001',1,80,'2017-12-10 20:55:45',2,37.1000,18.5500),(2260,'level001',2,31,'2017-12-10 20:56:58',3,40.4000,10.1000),(2261,'level001',2,91,'2017-12-10 20:56:58',3,44.0000,11.0000),(2262,'level001',2,66,'2017-12-10 20:56:58',4,74.4000,0.0000),(2263,'level001',2,67,'2017-12-10 20:56:58',4,50.0000,0.0000),(2264,'level001',2,117,'2017-12-10 20:56:58',4,50.0000,0.0000),(2265,'level001',2,17,'2017-12-10 20:56:58',2,29.9999,15.0000),(2266,'level001',2,58,'2017-12-10 20:56:58',2,34.0800,17.0400),(2267,'level001',1,13,'2017-12-10 20:58:06',4,51.3000,0.0000),(2268,'level001',1,102,'2017-12-10 20:58:06',4,61.4000,0.0000),(2269,'level001',1,98,'2017-12-10 20:58:06',4,52.6000,0.0000),(2270,'level001',1,41,'2017-12-10 20:58:06',4,28.4000,0.0000),(2271,'level001',1,81,'2017-12-10 20:58:06',4,50.0000,0.0000),(2272,'level001',1,142,'2017-12-10 20:58:06',4,58.6000,0.0000),(2273,'level001',1,119,'2017-12-10 20:58:06',1,48.8667,48.8667),(2274,'level001',1,34,'2017-12-10 20:58:06',2,50.0000,25.0000),(2275,'level001',1,102,'2017-12-10 20:58:06',4,50.0000,0.0000),(2276,'level001',1,98,'2017-12-10 20:58:06',4,50.0000,0.0000),(2277,'level001',1,49,'2017-12-10 20:59:06',4,50.0000,0.0000),(2278,'level001',1,23,'2017-12-10 20:59:06',1,50.0000,50.0000),(2279,'level001',1,123,'2017-12-10 20:59:06',4,44.0000,0.0000),(2280,'level001',1,131,'2017-12-10 20:59:06',4,58.6000,0.0000),(2281,'level001',1,15,'2017-12-10 20:59:06',4,50.0000,0.0000),(2282,'level001',1,12,'2017-12-10 20:59:06',4,40.4000,0.0000),(2283,'level001',1,12,'2017-12-10 20:59:06',4,50.0000,0.0000),(2284,'level001',1,90,'2017-12-10 20:59:06',4,31.1714,0.0000),(2285,'level001',1,110,'2017-12-10 20:59:06',4,50.0000,0.0000),(2286,'level001',1,15,'2017-12-10 20:59:06',4,54.2333,0.0000),(2287,'level001',1,75,'2017-12-10 21:00:13',4,50.0000,0.0000),(2288,'level001',1,127,'2017-12-10 21:00:13',4,50.0000,0.0000),(2289,'level001',1,24,'2017-12-10 21:00:13',4,45.6000,0.0000),(2290,'level001',1,67,'2017-12-10 21:00:13',4,75.9333,0.0000),(2291,'level001',1,54,'2017-12-10 21:00:13',4,33.2667,0.0000),(2292,'level001',1,86,'2017-12-10 21:00:13',1,50.0000,50.0000),(2293,'level001',1,122,'2017-12-10 21:00:13',4,50.0000,0.0000),(2294,'level001',1,104,'2017-12-10 21:00:13',2,72.0667,36.0333),(2295,'level001',1,54,'2017-12-10 21:00:13',4,50.0000,0.0000),(2296,'level001',1,36,'2017-12-10 21:00:13',4,50.0000,0.0000),(2297,'level001',1,75,'2017-12-10 21:00:17',4,50.0000,0.0000),(2298,'level001',1,127,'2017-12-10 21:00:17',4,50.0000,0.0000),(2299,'level001',1,24,'2017-12-10 21:00:17',4,45.6000,0.0000),(2300,'level001',1,67,'2017-12-10 21:00:17',4,75.9333,0.0000),(2301,'level001',1,54,'2017-12-10 21:00:17',4,33.2667,0.0000),(2302,'level001',1,86,'2017-12-10 21:00:17',1,50.0000,50.0000),(2303,'level001',1,122,'2017-12-10 21:00:17',4,50.0000,0.0000),(2304,'level001',1,104,'2017-12-10 21:00:17',2,72.0667,36.0333),(2305,'level001',1,54,'2017-12-10 21:00:17',4,50.0000,0.0000),(2306,'level001',1,36,'2017-12-10 21:00:17',4,50.0000,0.0000),(2307,'level001',1,117,'2017-12-10 21:00:29',4,64.0000,0.0000),(2308,'level002',2,92,'2017-12-10 21:04:58',1,29.9999,29.9999),(2309,'level002',2,51,'2017-12-10 21:04:58',1,57.0267,57.0267),(2310,'level002',2,37,'2017-12-10 21:04:58',4,55.0889,0.0000),(2311,'level002',2,22,'2017-12-10 21:04:58',4,34.8667,0.0000),(2312,'level002',2,74,'2017-12-10 21:04:58',4,41.4000,0.0000),(2313,'level002',2,38,'2017-12-10 21:04:58',1,50.0000,50.0000),(2314,'level002',2,36,'2017-12-10 21:04:58',1,50.0000,50.0000),(2315,'level002',2,64,'2017-12-10 21:04:58',4,50.0000,0.0000),(2316,'level002',2,89,'2017-12-10 21:04:58',4,50.0000,0.0000),(2317,'level002',2,126,'2017-12-10 21:04:58',4,50.0000,0.0000),(2318,'level002',2,92,'2017-12-10 21:05:04',1,29.9999,29.9999),(2319,'level002',2,51,'2017-12-10 21:05:04',1,57.0267,57.0267),(2320,'level002',2,37,'2017-12-10 21:05:04',4,55.0889,0.0000),(2321,'level002',2,22,'2017-12-10 21:05:04',4,34.8667,0.0000),(2322,'level002',2,74,'2017-12-10 21:05:04',4,41.4000,0.0000),(2323,'level002',2,38,'2017-12-10 21:05:04',1,50.0000,50.0000),(2324,'level002',2,36,'2017-12-10 21:05:04',1,50.0000,50.0000),(2325,'level002',2,64,'2017-12-10 21:05:04',4,50.0000,0.0000),(2326,'level002',2,89,'2017-12-10 21:05:04',4,50.0000,0.0000),(2327,'level002',2,126,'2017-12-10 21:05:04',4,50.0000,0.0000),(2328,'level002',2,119,'2017-12-10 21:05:58',2,44.0000,22.0000),(2329,'level002',2,60,'2017-12-10 21:05:58',4,58.8667,0.0000),(2330,'level002',2,117,'2017-12-10 21:05:58',4,50.0000,0.0000),(2331,'level002',2,73,'2017-12-10 21:05:58',1,67.2000,67.2000),(2332,'level002',2,130,'2017-12-10 21:05:58',1,50.0000,50.0000),(2333,'level002',2,23,'2017-12-10 21:05:58',2,31.2000,15.6000),(2334,'level002',2,20,'2017-12-10 21:05:58',4,34.4000,0.0000),(2335,'level002',2,29,'2017-12-10 21:05:58',1,50.0000,50.0000),(2336,'level002',2,70,'2017-12-10 21:05:58',4,50.0000,0.0000),(2337,'level002',2,100,'2017-12-10 21:05:58',4,52.6000,0.0000),(2338,'level002',2,10,'2017-12-10 21:07:03',4,45.8000,0.0000),(2339,'level002',2,66,'2017-12-10 21:07:03',4,50.0000,0.0000),(2340,'level002',2,76,'2017-12-10 21:07:03',4,50.0000,0.0000),(2341,'level002',2,22,'2017-12-10 21:07:03',4,46.2667,0.0000),(2342,'level002',2,97,'2017-12-10 21:07:03',1,50.0000,50.0000),(2343,'level002',2,14,'2017-12-10 21:07:03',1,51.8000,51.8000),(2344,'level002',2,63,'2017-12-10 21:07:03',3,49.7026,12.4256),(2345,'level002',2,126,'2017-12-10 21:07:03',4,50.0000,0.0000),(2346,'level002',2,49,'2017-12-10 21:07:03',4,48.4338,0.0000),(2347,'level002',2,62,'2017-12-10 21:07:03',4,59.7273,0.0000),(2348,'level002',2,10,'2017-12-10 21:07:07',4,45.8000,0.0000),(2349,'level002',2,66,'2017-12-10 21:07:07',4,50.0000,0.0000),(2350,'level002',2,76,'2017-12-10 21:07:07',4,50.0000,0.0000),(2351,'level002',2,22,'2017-12-10 21:07:07',4,46.2667,0.0000),(2352,'level002',2,97,'2017-12-10 21:07:07',1,50.0000,50.0000),(2353,'level002',2,14,'2017-12-10 21:07:07',1,51.8000,51.8000),(2354,'level002',2,63,'2017-12-10 21:07:07',3,49.7026,12.4256),(2355,'level002',2,126,'2017-12-10 21:07:07',4,50.0000,0.0000),(2356,'level002',2,49,'2017-12-10 21:07:07',4,48.4338,0.0000),(2357,'level002',2,62,'2017-12-10 21:07:07',4,59.7273,0.0000),(2358,'level002',2,123,'2017-12-10 21:08:16',4,50.0000,0.0000),(2359,'level002',2,99,'2017-12-10 21:08:16',2,38.3176,19.1588),(2360,'level002',2,96,'2017-12-10 21:08:16',2,50.0000,25.0000),(2361,'level002',2,107,'2017-12-10 21:08:16',2,58.6000,29.3000),(2362,'level002',2,83,'2017-12-10 21:08:16',1,50.0000,50.0000),(2363,'level002',2,45,'2017-12-10 21:08:16',4,39.3000,0.0000),(2364,'level002',2,59,'2017-12-10 21:08:16',4,68.0800,0.0000),(2365,'level002',2,21,'2017-12-10 21:08:16',4,50.0000,0.0000),(2366,'level002',2,15,'2017-12-10 21:08:16',1,54.2333,54.2333),(2367,'level002',2,9,'2017-12-10 21:08:16',1,50.0000,50.0000),(2368,'level002',2,12,'2017-12-10 21:09:12',1,40.4000,40.4000),(2369,'level002',2,36,'2017-12-10 21:09:12',1,50.0000,50.0000),(2370,'level002',2,62,'2017-12-10 21:09:12',1,65.4273,65.4273),(2371,'level002',2,143,'2017-12-10 21:09:12',4,50.0000,0.0000),(2372,'level002',2,11,'2017-12-10 21:09:12',4,55.4471,0.0000),(2373,'level002',2,79,'2017-12-10 21:09:12',4,47.5667,0.0000),(2374,'level002',2,9,'2017-12-10 21:09:12',3,50.0000,12.5000),(2375,'level002',2,101,'2017-12-10 21:09:12',4,52.0667,0.0000),(2376,'level002',2,66,'2017-12-10 21:09:12',4,74.4000,0.0000),(2377,'level002',2,55,'2017-12-10 21:09:12',4,50.0000,0.0000),(2378,'level002',2,47,'2017-12-10 21:10:20',4,50.0000,0.0000),(2379,'level002',2,59,'2017-12-10 21:10:20',4,50.0000,0.0000),(2380,'level002',2,23,'2017-12-10 21:10:20',2,42.6000,21.3000),(2381,'level002',2,131,'2017-12-10 21:10:20',4,50.0000,0.0000),(2382,'level002',2,128,'2017-12-10 21:10:20',3,50.0000,12.5000),(2383,'level002',2,58,'2017-12-10 21:10:20',1,50.0000,50.0000),(2384,'level002',2,35,'2017-12-10 21:10:20',4,50.0000,0.0000),(2385,'level002',2,111,'2017-12-10 21:10:20',2,50.0000,25.0000),(2386,'level002',2,97,'2017-12-10 21:10:20',2,32.6000,16.3000),(2387,'level002',2,36,'2017-12-10 21:10:20',2,50.0000,25.0000),(2388,'level002',2,78,'2017-12-10 21:11:28',1,50.0000,50.0000),(2389,'level002',2,96,'2017-12-10 21:11:28',4,50.0000,0.0000),(2390,'level002',2,65,'2017-12-10 21:11:28',4,50.0000,0.0000),(2391,'level002',2,52,'2017-12-10 21:11:28',3,31.8000,7.9500),(2392,'level002',2,80,'2017-12-10 21:11:28',4,51.7000,0.0000),(2393,'level002',2,125,'2017-12-10 21:11:28',4,50.0000,0.0000),(2394,'level002',2,140,'2017-12-10 21:11:28',4,46.4800,0.0000),(2395,'level002',2,92,'2017-12-10 21:11:28',2,29.9999,15.0000),(2396,'level002',2,88,'2017-12-10 21:11:28',1,45.3778,45.3778),(2397,'level002',2,104,'2017-12-10 21:11:28',2,72.0667,36.0333),(2398,'level002',1,112,'2017-12-10 21:12:12',4,46.8000,0.0000),(2399,'level002',1,29,'2017-12-10 21:12:12',4,37.0000,0.0000),(2400,'level002',1,24,'2017-12-10 21:12:12',1,45.6000,45.6000),(2401,'level002',1,62,'2017-12-10 21:12:12',4,50.0000,0.0000),(2402,'level002',1,55,'2017-12-10 21:12:12',4,50.0000,0.0000),(2403,'level002',1,86,'2017-12-10 21:12:12',3,50.0000,12.5000),(2404,'level002',1,104,'2017-12-10 21:13:20',2,72.0667,36.0333),(2405,'level002',1,101,'2017-12-10 21:13:20',2,63.4667,31.7333),(2406,'level002',1,55,'2017-12-10 21:13:20',2,50.0000,25.0000),(2407,'level002',1,141,'2017-12-10 21:13:20',2,50.0000,25.0000),(2408,'level002',1,29,'2017-12-10 21:13:20',2,51.6000,25.8000),(2409,'level002',1,130,'2017-12-10 21:13:20',2,47.2000,23.6000),(2410,'level002',1,20,'2017-12-10 21:13:20',1,45.8000,45.8000),(2411,'level002',1,71,'2017-12-10 21:13:20',2,50.0000,25.0000),(2412,'level002',1,130,'2017-12-10 21:13:20',2,50.0000,25.0000),(2413,'level002',1,28,'2017-12-10 21:13:20',2,50.0000,25.0000),(2414,'level002',1,86,'2017-12-10 21:14:16',1,39.1333,39.1333),(2415,'level002',1,131,'2017-12-10 21:14:16',2,50.0000,25.0000),(2416,'level002',1,78,'2017-12-10 21:14:16',1,19.9999,19.9999),(2417,'level002',1,129,'2017-12-10 21:14:16',2,50.0000,25.0000),(2418,'level002',1,20,'2017-12-10 21:14:16',2,38.5000,19.2500),(2419,'level002',1,45,'2017-12-10 21:14:16',2,50.0000,25.0000),(2420,'level002',1,32,'2017-12-10 21:14:16',1,50.0000,50.0000),(2421,'level002',1,29,'2017-12-10 21:14:16',2,50.0000,25.0000),(2422,'level002',1,136,'2017-12-10 21:14:16',2,61.6000,30.8000),(2423,'level002',1,38,'2017-12-10 21:14:16',2,34.4000,17.2000),(2424,'level002',2,127,'2017-12-10 21:14:33',2,58.6000,29.3000),(2425,'level003',3,40,'2017-12-10 21:16:21',2,50.0000,25.0000),(2426,'level003',3,121,'2017-12-10 21:16:21',2,50.0000,25.0000),(2427,'level003',3,20,'2017-12-10 21:16:21',1,39.9999,39.9999),(2428,'level003',3,22,'2017-12-10 21:16:21',2,46.2667,23.1333),(2429,'level003',3,49,'2017-12-10 21:16:21',2,50.0000,25.0000),(2430,'level003',3,49,'2017-12-10 21:16:21',2,54.1338,27.0669),(2431,'level003',3,36,'2017-12-10 21:16:21',2,50.3000,25.1500),(2432,'level003',3,9,'2017-12-10 21:16:21',2,47.6800,23.8400),(2433,'level003',3,25,'2017-12-10 21:16:21',2,43.2000,21.6000),(2434,'level003',3,56,'2017-12-10 21:16:21',2,45.8000,22.9000),(2435,'level003',3,139,'2017-12-10 21:17:20',2,44.0000,22.0000),(2436,'level003',3,76,'2017-12-10 21:17:20',2,70.0000,35.0000),(2437,'level003',3,12,'2017-12-10 21:17:20',2,40.4000,20.2000),(2438,'level003',3,39,'2017-12-10 21:17:20',1,50.0000,50.0000),(2439,'level003',3,83,'2017-12-10 21:17:20',1,51.3333,51.3333),(2440,'level003',3,121,'2017-12-10 21:17:20',1,67.2000,67.2000),(2441,'level003',3,23,'2017-12-10 21:17:20',2,42.6000,21.3000),(2442,'level003',3,20,'2017-12-10 21:17:20',2,39.9999,20.0000),(2443,'level003',3,67,'2017-12-10 21:17:20',3,75.9333,18.9833),(2444,'level003',3,40,'2017-12-10 21:17:20',2,52.4800,26.2400),(2445,'level003',3,52,'2017-12-10 21:18:09',2,39.9999,20.0000),(2446,'level003',3,111,'2017-12-10 21:18:09',2,50.0000,25.0000),(2447,'level003',3,21,'2017-12-10 21:18:09',2,57.2000,28.6000),(2448,'level003',3,49,'2017-12-10 21:18:09',2,50.0000,25.0000),(2449,'level003',3,93,'2017-12-10 21:18:09',2,74.3000,37.1500),(2450,'level003',3,86,'2017-12-10 21:18:09',2,39.9999,20.0000),(2451,'level003',3,19,'2017-12-10 21:18:09',2,50.0000,25.0000),(2452,'level003',3,90,'2017-12-10 21:18:09',1,39.9999,39.9999),(2453,'level003',3,58,'2017-12-10 21:18:09',1,50.0000,50.0000),(2454,'level003',3,130,'2017-12-10 21:18:09',2,50.0000,25.0000),(2455,'level003',3,33,'2017-12-10 21:19:00',2,50.7333,25.3667),(2456,'level003',3,9,'2017-12-10 21:19:00',2,50.5467,25.2733),(2457,'level003',3,74,'2017-12-10 21:19:00',1,52.8000,52.8000),(2458,'level003',3,39,'2017-12-10 21:19:00',1,39.9999,39.9999),(2459,'level003',3,49,'2017-12-10 21:19:00',2,67.0338,33.5169),(2460,'level003',3,11,'2017-12-10 21:19:00',1,50.0000,50.0000),(2461,'level003',3,64,'2017-12-10 21:19:00',1,50.0000,50.0000),(2462,'level003',3,49,'2017-12-10 21:19:00',2,50.0000,25.0000),(2463,'level003',3,93,'2017-12-10 21:19:00',2,50.0000,25.0000),(2464,'level003',3,20,'2017-12-10 21:19:00',1,50.0000,50.0000),(2465,'level003',3,10,'2017-12-10 21:19:58',4,50.0000,0.0000),(2466,'level003',3,41,'2017-12-10 21:19:58',2,50.0000,25.0000),(2467,'level003',3,68,'2017-12-10 21:19:58',2,44.0000,22.0000),(2468,'level003',3,93,'2017-12-10 21:19:58',2,50.0000,25.0000),(2469,'level003',3,58,'2017-12-10 21:19:58',1,39.9999,39.9999),(2470,'level003',3,69,'2017-12-10 21:19:58',2,50.0000,25.0000),(2471,'level003',3,36,'2017-12-10 21:19:58',2,53.1667,26.5833),(2472,'level003',3,80,'2017-12-10 21:19:58',1,63.1000,63.1000),(2473,'level003',3,35,'2017-12-10 21:19:58',1,57.2000,57.2000),(2474,'level003',3,111,'2017-12-10 21:19:58',1,78.6000,78.6000),(2475,'level003',3,103,'2017-12-10 21:21:00',2,59.4473,29.7236),(2476,'level003',3,16,'2017-12-10 21:21:00',2,50.0000,25.0000),(2477,'level003',3,33,'2017-12-10 21:21:00',2,50.7333,25.3667),(2478,'level003',3,108,'2017-12-10 21:21:00',2,50.0000,25.0000),(2479,'level003',3,33,'2017-12-10 21:21:00',2,50.0000,25.0000),(2480,'level003',3,77,'2017-12-10 21:21:00',2,50.0000,25.0000),(2481,'level003',3,55,'2017-12-10 21:21:00',2,50.0000,25.0000),(2482,'level003',3,99,'2017-12-10 21:21:00',1,50.0000,50.0000),(2483,'level003',3,66,'2017-12-10 21:21:00',2,74.4000,37.2000),(2484,'level003',3,143,'2017-12-10 21:21:00',2,55.4000,27.7000),(2485,'level003',3,39,'2017-12-10 21:21:57',1,39.9999,39.9999),(2486,'level003',3,124,'2017-12-10 21:21:57',1,50.0000,50.0000),(2487,'level003',3,33,'2017-12-10 21:21:57',2,50.7333,25.3667),(2488,'level003',3,13,'2017-12-10 21:21:57',1,50.0000,50.0000),(2489,'level003',3,66,'2017-12-10 21:21:57',2,50.0000,25.0000),(2490,'level003',3,124,'2017-12-10 21:21:57',2,44.0000,22.0000),(2491,'level003',3,73,'2017-12-10 21:21:57',1,50.0000,50.0000),(2492,'level003',3,9,'2017-12-10 21:21:57',1,51.9800,51.9800),(2493,'level003',3,49,'2017-12-10 21:21:57',2,68.4672,34.2336),(2494,'level003',3,86,'2017-12-10 21:21:57',2,45.3000,22.6500),(2495,'level003',3,58,'2017-12-10 21:22:08',1,50.0000,50.0000),(2496,'bettertoday',4,109,'2017-12-10 21:23:36',1,49.9999,49.9999),(2497,'bettertoday',4,50,'2017-12-10 21:23:36',1,49.9999,49.9999),(2498,'bettertoday',4,94,'2017-12-10 21:23:36',1,52.0667,52.0667),(2499,'bettertoday',4,120,'2017-12-10 21:23:36',1,50.0000,50.0000),(2500,'bettertoday',4,42,'2017-12-10 21:23:36',1,50.0000,50.0000),(2501,'bettertoday',4,139,'2017-12-10 21:23:36',1,50.0000,50.0000),(2502,'bettertoday',4,51,'2017-12-10 21:23:36',1,49.9999,49.9999),(2503,'bettertoday',4,66,'2017-12-10 21:23:36',1,50.0000,50.0000),(2504,'bettertoday',4,35,'2017-12-10 21:23:36',1,50.0000,50.0000),(2505,'bettertoday',4,126,'2017-12-10 21:23:36',1,50.0000,50.0000),(2506,'bettertoday',4,122,'2017-12-10 21:24:14',1,64.8000,64.8000),(2507,'bettertoday',4,45,'2017-12-10 21:24:14',1,50.0000,50.0000),(2508,'bettertoday',4,53,'2017-12-10 21:24:14',1,49.9999,49.9999),(2509,'bettertoday',4,123,'2017-12-10 21:24:14',1,50.0000,50.0000),(2510,'bettertoday',4,12,'2017-12-10 21:24:14',1,49.9999,49.9999),(2511,'bettertoday',4,74,'2017-12-10 21:24:14',1,50.0000,50.0000),(2512,'bettertoday',4,21,'2017-12-10 21:24:14',1,57.2000,57.2000),(2513,'bettertoday',4,116,'2017-12-10 21:24:14',1,58.6000,58.6000),(2514,'bettertoday',4,109,'2017-12-10 21:24:14',1,49.9999,49.9999),(2515,'bettertoday',4,36,'2017-12-10 21:24:14',1,50.0000,50.0000),(2516,'bettertoday',4,99,'2017-12-10 21:25:00',1,49.9999,49.9999),(2517,'bettertoday',4,98,'2017-12-10 21:25:00',1,67.2000,67.2000),(2518,'bettertoday',4,98,'2017-12-10 21:25:00',1,50.0000,50.0000),(2519,'bettertoday',4,111,'2017-12-10 21:25:00',1,50.0000,50.0000),(2520,'bettertoday',4,119,'2017-12-10 21:25:00',1,50.0000,50.0000),(2521,'bettertoday',4,13,'2017-12-10 21:25:00',1,50.0000,50.0000),(2522,'bettertoday',4,46,'2017-12-10 21:25:00',1,50.0000,50.0000),(2523,'bettertoday',4,131,'2017-12-10 21:25:00',1,50.0000,50.0000),(2524,'bettertoday',4,133,'2017-12-10 21:25:00',1,50.0000,50.0000),(2525,'bettertoday',4,91,'2017-12-10 21:25:00',1,50.0000,50.0000),(2526,'bettertoday',4,83,'2017-12-10 21:25:41',1,50.0000,50.0000),(2527,'bettertoday',4,125,'2017-12-10 21:25:41',1,61.6000,61.6000),(2528,'bettertoday',4,103,'2017-12-10 21:25:41',1,68.0473,68.0473),(2529,'bettertoday',4,38,'2017-12-10 21:25:41',1,49.9999,49.9999),(2530,'bettertoday',4,99,'2017-12-10 21:25:41',1,49.9999,49.9999),(2531,'bettertoday',4,36,'2017-12-10 21:25:41',1,54.6000,54.6000),(2532,'bettertoday',4,27,'2017-12-10 21:25:41',1,50.0000,50.0000),(2533,'bettertoday',4,139,'2017-12-10 21:25:41',1,50.0000,50.0000),(2534,'bettertoday',4,29,'2017-12-10 21:25:41',1,50.0000,50.0000),(2535,'bettertoday',4,19,'2017-12-10 21:25:41',1,50.0000,50.0000),(2536,'bettertoday',4,13,'2017-12-10 21:26:23',1,50.0000,50.0000),(2537,'bettertoday',4,92,'2017-12-10 21:26:23',1,50.0000,50.0000),(2538,'bettertoday',4,49,'2017-12-10 21:26:23',1,50.0000,50.0000),(2539,'bettertoday',4,18,'2017-12-10 21:26:23',1,50.0000,50.0000),(2540,'bettertoday',4,14,'2017-12-10 21:26:23',1,49.9999,49.9999),(2541,'bettertoday',4,130,'2017-12-10 21:26:23',1,50.0000,50.0000),(2542,'bettertoday',4,94,'2017-12-10 21:26:23',1,51.7714,51.7714),(2543,'bettertoday',4,124,'2017-12-10 21:26:23',1,49.9999,49.9999),(2544,'bettertoday',4,12,'2017-12-10 21:26:23',1,49.9999,49.9999),(2545,'bettertoday',4,38,'2017-12-10 21:26:23',1,49.9999,49.9999),(2546,'bettertoday',4,140,'2017-12-10 21:27:09',1,57.8800,57.8800),(2547,'bettertoday',4,99,'2017-12-10 21:27:09',1,49.9999,49.9999),(2548,'bettertoday',4,108,'2017-12-10 21:27:09',1,50.0000,50.0000),(2549,'bettertoday',4,133,'2017-12-10 21:27:09',1,49.9999,49.9999),(2550,'bettertoday',4,49,'2017-12-10 21:27:09',1,50.0000,50.0000),(2551,'bettertoday',4,19,'2017-12-10 21:27:09',1,63.0000,63.0000),(2552,'bettertoday',4,67,'2017-12-10 21:27:09',1,75.9333,75.9333),(2553,'bettertoday',4,52,'2017-12-10 21:27:09',1,50.0000,50.0000),(2554,'bettertoday',4,128,'2017-12-10 21:27:09',1,72.4800,72.4800),(2555,'bettertoday',4,9,'2017-12-10 21:27:09',1,49.9999,49.9999),(2556,'bettertoday',4,74,'2017-12-10 21:27:19',1,50.0000,50.0000);
/*!40000 ALTER TABLE `member_word_history` ENABLE KEYS */;
UNLOCK TABLES;

--
-- Temporary table structure for view `question_correct_by_level`
--

DROP TABLE IF EXISTS `question_correct_by_level`;
/*!50001 DROP VIEW IF EXISTS `question_correct_by_level`*/;
SET @saved_cs_client     = @@character_set_client;
SET character_set_client = utf8;
/*!50001 CREATE TABLE `question_correct_by_level` (
  `question_id` int(11),
  `member_level` int(11),
  `try_sum` bigint(21),
  `try_1st` bigint(21),
  `ratio_1st` decimal(27,4)
) ENGINE=MyISAM */;
SET character_set_client = @saved_cs_client;

--
-- Table structure for table `questions`
--

DROP TABLE IF EXISTS `questions`;
/*!40101 SET @saved_cs_client     = @@character_set_client */;
/*!40101 SET character_set_client = utf8 */;
CREATE TABLE `questions` (
  `question_id` int(11) NOT NULL AUTO_INCREMENT,
  `date_created` datetime NOT NULL,
  `creator_id` varchar(12) NOT NULL COMMENT '등록자',
  `word` varchar(45) NOT NULL,
  `selection1` varchar(45) NOT NULL,
  `selection2` varchar(45) NOT NULL,
  `selection3` varchar(45) NOT NULL,
  `selection4` varchar(45) NOT NULL,
  `answer` int(11) NOT NULL,
  `weight` decimal(7,4) NOT NULL DEFAULT '50.0000',
  `status` int(11) NOT NULL DEFAULT '1',
  PRIMARY KEY (`question_id`),
  KEY `fk_creator_id_idx` (`creator_id`)
) ENGINE=MyISAM AUTO_INCREMENT=228 DEFAULT CHARSET=utf8;
/*!40101 SET character_set_client = @saved_cs_client */;

--
-- Dumping data for table `questions`
--

LOCK TABLES `questions` WRITE;
/*!40000 ALTER TABLE `questions` DISABLE KEYS */;
INSERT INTO `questions` VALUES (25,'2017-11-29 00:14:42','bettertoday','쉬다, 휴식을 취하다','take a vacation','take a break','take a trip','take care',2,50.0000,1),(9,'2017-11-28 23:39:37','bettertoday','도망가다','take a break','look for','get away','find out',3,50.0000,1),(10,'2017-11-28 23:40:28','bettertoday','서식지','home','habitat','trap','coast',2,50.0000,1),(11,'2017-11-28 23:41:18','bettertoday','충분한','endangered','flood','surprised','enough',4,50.0000,1),(12,'2017-11-28 23:42:29','bettertoday','덫','trap','trick','treat','add',1,50.0000,1),(13,'2017-11-28 23:43:19','bettertoday','~을 뜻하다, 의미하다','mean','become','find out','check',1,50.0000,1),(14,'2017-11-28 23:44:16','bettertoday','두다, 놓다','trap','bring','take','lay',4,50.0000,1),(15,'2017-11-28 23:45:17','bettertoday','홍수','fleet','blood','flood','abundant',3,50.0000,1),(16,'2017-11-28 23:46:37','bettertoday','(짐승의) 털','heir','fur','pearl','for',2,50.0000,1),(17,'2017-11-28 23:47:56','bettertoday','마지막의','midst','latest','first','last',4,50.0000,1),(18,'2017-11-28 23:48:39','bettertoday','먹이감','prey','pray','play','pry',1,50.0000,1),(19,'2017-11-28 23:49:28','bettertoday','바닷가, 해안','riverside','ocean','sea','coast',4,50.0000,1),(20,'2017-11-28 23:50:16','bettertoday','알아내다, 발견하다','check out','find out','search for','hunt',2,50.0000,1),(21,'2017-11-28 23:51:10','bettertoday','멸종 위기에 처한',' enabled','enlarged','endangered','enlisted',3,50.0000,1),(22,'2017-11-28 23:51:59','bettertoday','(국가의) 정부','government','govenment','gavernment','gobernment',1,50.0000,1),(23,'2017-11-28 23:52:44','bettertoday','사냥하다','hunt','find out','search for','check out',1,50.0000,1),(24,'2017-11-28 23:53:45','bettertoday','위험','warning','attention','watch out','danger',4,50.0000,1),(26,'2017-11-29 00:15:32','bettertoday','문제, 성가신일','trable','truble','travel','trouble',4,50.0000,1),(27,'2017-11-29 00:16:07','bettertoday','~ 옆에','by','on','under','bye',1,50.0000,1),(28,'2017-11-29 00:18:26','bettertoday','~을 찾다','get into','check out','look for','turn into',3,50.0000,1),(29,'2017-11-29 00:19:11','bettertoday','대개는, 보통은','usually','actually','really','finally',1,50.0000,1),(30,'2017-11-29 00:20:25','bettertoday','배고픈','angry','hungry','danger','poor',2,50.0000,1),(31,'2017-11-29 00:21:19','bettertoday','반드시 ~해야만 한다','really','cause','may','must',4,50.0000,1),(32,'2017-11-29 00:22:05','bettertoday','오염','pollution','polution','palution','poulution',1,50.0000,1),(33,'2017-11-29 00:22:53','bettertoday','발생시키다, 일으키다','turn out','happen','occur','cause',4,50.0000,1),(34,'2017-11-29 00:23:48','bettertoday','변하다','change','turn over','melt','surpriser',1,50.0000,1),(35,'2017-11-29 00:25:11','bettertoday','녹다, 녹아내리다','melt','turn','soften','break',1,50.0000,1),(36,'2017-11-29 00:26:21','bettertoday','놀란','endangered','surprised','suspended','enabled',2,50.0000,1),(37,'2017-11-29 00:27:05','bettertoday','혼자, 홀로','along','align','alon','alone',4,50.0000,1),(38,'2017-11-29 00:27:36','bettertoday','오징어','squid','squad','skuid','skid',1,50.0000,1),(39,'2017-11-29 00:28:37','bettertoday','~ 때문에','bekose','because','becose','beecause',2,50.0000,1),(40,'2017-11-29 00:29:29','bettertoday','온도, 기온','temperature','tempareture','tenperature','tenpareture',1,50.0000,1),(41,'2017-11-29 22:10:48','bettertoday','설계하다','desine','design','dezine','dezign',2,50.0000,1),(42,'2017-11-29 22:11:27','bettertoday','방향','dairection','direktion','derection','direction',4,50.0000,1),(43,'2017-11-29 22:13:19','bettertoday','가장, 최고의','least','most','more','must',2,50.0000,1),(44,'2017-11-29 22:14:40','bettertoday','자라나다, 자라다','grow up','become','big','glow',1,50.0000,1),(45,'2017-11-29 22:15:39','bettertoday','약, 약품','madison','medicine','madicine','medison',2,50.0000,1),(46,'2017-11-29 22:16:23','bettertoday','계산하다','calkulate','calcolate','calculate','calculeit',3,50.0000,1),(47,'2017-11-29 22:17:59','bettertoday','건강','health','wealth','stealth','tilt',1,50.0000,1),(48,'2017-11-29 22:18:32','bettertoday','건축가','archtact','architector','architecture','architect',4,50.0000,1),(49,'2017-11-29 22:23:13','bettertoday','폭풍','flood','rain','storm','earthquake',3,50.0000,1),(50,'2017-11-29 22:23:53','bettertoday','어디에나, 모든곳에','everywhere','everyone','anything','anyhow',1,50.0000,1),(51,'2017-11-29 22:24:28','bettertoday','중요한','importent','important','inportant','impotant',2,50.0000,1),(52,'2017-11-29 22:25:23','bettertoday','선택하다, 고르다','look','search','find','choose',4,50.0000,1),(53,'2017-11-29 22:26:37','bettertoday','양(수량)','amount','bottom','sheep','Miss',1,50.0000,1),(54,'2017-11-29 22:27:47','bettertoday','~와 함께 시작하다, 출발하다','leave for','start with','stop with','start to',2,50.0000,1),(55,'2017-11-29 22:28:43','bettertoday','경로, 길','park','passenger','path','pass',3,50.0000,1),(56,'2017-11-29 22:29:23','bettertoday','모으다, 모이다','gether','together','gather','togather',3,50.0000,1),(57,'2017-11-29 22:31:39','bettertoday','for here의 반대말','for there','to go','for go','for hire',2,50.0000,1),(58,'2017-11-29 22:33:23','bettertoday','주소','adress','addrass','address','addres',3,50.0000,1),(59,'2017-11-29 22:36:13','bettertoday','감사하다','appreciate','appreciete','appriceate','appreciata',1,50.0000,1),(60,'2017-11-29 22:37:44','bettertoday','합창단','quartet','orchestra','singers','choir',4,50.0000,1),(61,'2017-11-29 22:39:10','bettertoday','확대하다','enable','bigger','more','enlarge',4,50.0000,1),(62,'2017-11-29 22:39:57','bettertoday','부가적인, 추가의','additional','exceptional','traditional','final',1,50.0000,1),(63,'2017-11-29 22:41:36','bettertoday','추가의, 여분의','half','addition','unnecessary','extra',4,50.0000,1),(64,'2017-11-29 22:42:20','bettertoday','마침내, 결국','neither','finally','for all','till the end',2,50.0000,1),(65,'2017-11-29 22:47:51','bettertoday','in half an hour','30분 전에','30분 안에','30분 후에','30분 밖에',2,50.0000,1),(66,'2017-11-29 22:51:29','bettertoday','A와 B 둘다 아니다','either A or B','either A nor B','neither A nor B','neither A or B',3,50.0000,1),(67,'2017-11-29 22:52:50','bettertoday','운동','exercise','excercise','exercize','axercise',1,50.0000,1),(68,'2017-11-29 22:54:54','bettertoday','used to + 동사','~에 적응하다','~을 하기위해 사용했다','~하곤 했다','~을 써버리다',3,50.0000,1),(69,'2017-11-29 22:56:01','bettertoday','냉장고','rifrigerator','refrigerater','rifrigerater','refrigerator',4,50.0000,1),(70,'2017-11-29 22:57:03','bettertoday','낭비하다, 허비하다','recycle','waste','throw out','hang out',2,50.0000,1),(71,'2017-11-29 22:57:49','bettertoday','거의','at the least','allmost','almost','mostly',3,50.0000,1),(72,'2017-11-30 21:19:11','bettertoday','납치하다','riddle','kidnap','rescue','solve',2,50.0000,1),(73,'2017-11-30 21:19:52','bettertoday','목마른','hungry','exactly','thirsty','angry',3,50.0000,1),(74,'2017-11-30 21:20:47','bettertoday','서두르다','times up','pour','time out','hurry up',4,50.0000,1),(75,'2017-11-30 21:21:18','bettertoday','채우다','refill','fill','full','fool',2,50.0000,1),(76,'2017-11-30 21:21:59','bettertoday','괴물','manster','monstar','monster','manstar',3,50.0000,1),(77,'2017-11-30 21:22:40','bettertoday','수수께끼','ladder','quiz','riddle','solve',3,50.0000,1),(78,'2017-11-30 21:23:16','bettertoday','안전한','rest','safe','risky','dangerous',2,50.0000,1),(79,'2017-11-30 21:23:54','bettertoday','알아내다','figure out','check out','look out','search for',1,50.0000,1),(80,'2017-11-30 21:25:01','bettertoday','남기다, 떠나다','rest','start','depart','leave',4,50.0000,1),(81,'2017-11-30 21:26:17','bettertoday','쏟아 붓다','throw','pull','pour','push',3,50.0000,1),(82,'2017-11-30 21:26:53','bettertoday','구출하다','rescue','rascue','resque','rasque',1,50.0000,1),(83,'2017-11-30 21:27:40','bettertoday','~해야만 한다','may be','have to','go to ','how to',2,50.0000,1),(84,'2017-11-30 21:28:32','bettertoday','정확히','really','politely','truly','exactly',4,50.0000,1),(85,'2017-11-30 21:29:14','bettertoday','같다, 동일하다','equal','different','equalizer','differentiate',1,50.0000,1),(86,'2017-11-30 21:30:11','bettertoday','풀다, 해결하다','find out','drive','solve','how to',3,50.0000,1),(87,'2017-11-30 21:30:56','bettertoday','~하는 방법','how to','how about','why','reason',1,50.0000,1),(88,'2017-12-02 11:59:47','bettertoday','모양, 모양을 만들다','shape','fade','crack','tool',1,50.0000,1),(89,'2017-12-02 12:00:18','bettertoday','긁히다, 할퀴다','scratch','crack','break','rub',1,50.0000,1),(90,'2017-12-02 12:00:56','bettertoday','도구','tool','driver','pencil','glue',1,50.0000,1),(91,'2017-12-02 12:01:32','bettertoday','세부사항, 세부양식','detail','minute','precise','fit',1,50.0000,1),(92,'2017-12-02 12:02:27','bettertoday','하나씩 하나씩, 차례대로','one by one','side by side','turn around','carefully',1,50.0000,1),(93,'2017-12-02 12:03:22','bettertoday','금이가다, 깨지다','crack','break','scratch','shape',1,50.0000,1),(94,'2017-12-02 12:04:33','bettertoday','돌다, 회전하다, 회복하다','turn around','change direction','go back','shape',1,50.0000,1),(95,'2017-12-02 12:05:03','bettertoday','(액체가) 마르다','dry','drought','fade','rub',1,50.0000,1),(96,'2017-12-02 12:05:38','bettertoday','꼭 맞다, 잘 맞다','fit','glue','shape','detail',1,50.0000,1),(97,'2017-12-02 12:06:06','bettertoday','풀, 접착제','glue','plaster','pool','tool',1,50.0000,1),(98,'2017-12-02 12:06:41','bettertoday','(색이) 바래다','fade','thin','dry','dye',1,50.0000,1),(99,'2017-12-02 12:07:23','bettertoday','조심스럽게, 조심해서','carefully','slowly','one by one','step by step',1,50.0000,1),(100,'2017-12-02 12:09:13','bettertoday','목세공사, 나무를 깍는 사람','woodworker','woodpecker','wood glue','wood knife',1,50.0000,1),(101,'2017-12-02 12:09:52','bettertoday','문지르다','rub','rob','rubber','robber',1,50.0000,1),(102,'2017-12-02 12:10:38','bettertoday','끝이 없는, 계속되는','never-ending','finally','in the end','till the end',1,50.0000,1),(103,'2017-12-02 12:11:12','bettertoday','시골','countryside','urban','suburban','downtown',1,50.0000,1),(104,'2017-12-03 14:20:50','bettertoday','전혀 ~가 아니다','not at all','not all','not once','definitely',1,50.0000,1),(105,'2017-12-03 14:21:15','bettertoday','금발의','blonde','yellow','golden','silver',1,50.0000,1),(106,'2017-12-03 14:22:09','bettertoday','탈구되다, 뼈가 빠지다','dislocate','disarm','dismember','disect',1,50.0000,1),(107,'2017-12-03 14:22:32','bettertoday','허리','waist','waste','belly','hurry',1,50.0000,1),(108,'2017-12-03 14:23:43','bettertoday','걸다, 매달다','hang','hangover','put down','put on',1,50.0000,1),(109,'2017-12-03 14:24:23','bettertoday','떠나다, 가버리다','go away','go alone','go mad','go up',1,50.0000,1),(110,'2017-12-03 14:25:01','bettertoday','~조차','even','only','mere','simply',1,50.0000,1),(111,'2017-12-03 14:25:31','bettertoday','A B 둘중의 하나','either A or B','either A nor B','neither A nor B','neither A or B',1,50.0000,1),(112,'2017-12-03 14:27:05','bettertoday','~할 자격이 있다, ~할만 하다','deserve','perfect','earn','not at all',1,50.0000,1),(113,'2017-12-03 14:27:38','bettertoday','식사, 음식','meal','supper','eat','take out',1,50.0000,1),(114,'2017-12-03 14:28:30','bettertoday','편리한','convenient','convinient','conveniant','conviniant',1,50.0000,1),(115,'2017-12-03 14:29:33','bettertoday','팔다','sell-sold-sold','buy-bought-bought','purchase-purchased-purchased','give-gave-given',1,50.0000,1),(116,'2017-12-03 14:29:50','bettertoday','완벽한','perfect','exact','real','right',1,50.0000,1),(117,'2017-12-03 14:30:29','bettertoday','부탁, 청원','favor','please','hope','dream',1,50.0000,1),(118,'2017-12-03 14:32:11','bettertoday','아기를 돌보다','babysit','baby shower','baby boom','baby doll',1,50.0000,1),(119,'2017-12-10 16:12:34','bettertoday','머무르다','stay','return','arrive','start',1,50.0000,1),(120,'2017-12-10 16:13:45','bettertoday','반납하다, 반환하다','return','borrow','turn around','go back',1,50.0000,1),(121,'2017-12-10 16:15:34','bettertoday','정리하다, 청소하다','clean out','lay out','turn around','try',1,50.0000,1),(122,'2017-12-10 16:16:26','bettertoday','빌리다','borrow','return','fade','take out',1,50.0000,1),(123,'2017-12-10 16:16:53','bettertoday','천장','ceiling','floor','wall','porch',1,50.0000,1),(124,'2017-12-10 16:17:50','bettertoday','천장','ceiling','sieling','cieling','seiling',1,50.0000,1),(125,'2017-12-10 16:19:20','bettertoday','통로','aisle','window','narrow','traffic',1,50.0000,1),(126,'2017-12-10 16:20:51','bettertoday','window seat의 반대말','aisle seat','emergency seat','safe seat','cabin seat',1,50.0000,1),(127,'2017-12-10 16:23:11','bettertoday','알아차리다, 눈치채다','notice','know','aware','awake',1,50.0000,1),(128,'2017-12-10 16:24:00','bettertoday','지연되다, 늦어지다','delay','late','arrive','depart',1,50.0000,1),(129,'2017-12-10 16:24:37','bettertoday','도착하다','arrive','depart','start','come',1,50.0000,1),(130,'2017-12-10 16:25:04','bettertoday','변명','excuse','excuze','ixcuse','ixcuze',1,50.0000,1),(131,'2017-12-10 16:30:40','bettertoday','가로질러, 건너서','across','through','over','beside',1,50.0000,1),(132,'2017-12-10 16:31:56','bettertoday','자연스러운','natural','artificial','soft','smoothe',1,50.0000,1),(133,'2017-12-10 16:35:51','bettertoday','가져가다','bring','have','look down','go away',1,50.0000,1),(134,'2017-12-10 16:37:04','bettertoday','주 1 회, 일주일에 한번','once in a week','every week','weekly','every other week',1,50.0000,1),(135,'2017-12-10 16:37:33','bettertoday','우울해 보이다, 쳐져 보이다','look down','look down on','look up','look up to',1,50.0000,1),(136,'2017-12-10 16:40:34','bettertoday','포기하다','give up','cancel','rescue','leave',1,50.0000,1),(137,'2017-12-10 16:41:41','bettertoday','~이 되다','become','look down on','give up','turn back',1,50.0000,1),(138,'2017-12-10 16:42:30','bettertoday','해적','pirate','skull','jolly roger','craft',1,50.0000,1),(139,'2017-12-10 16:43:38','bettertoday','떠나다','leave','arrive','go','start',1,50.0000,1),(140,'2017-12-10 16:45:11','bettertoday','충격을 받은, 깜짝 놀란, ','shocked','surprised','astonished','curious',1,50.0000,1),(141,'2017-12-10 16:45:41','bettertoday','더 이상','anymore','furthermore','more and more','far more',1,50.0000,1),(142,'2017-12-10 16:46:09','bettertoday','구조하다','rescue','steal','hold','bully',1,50.0000,1),(143,'2017-12-10 16:46:33','bettertoday','훔치다','steal','rescue','save','take',1,50.0000,1),(144,'2017-12-10 16:46:53','bettertoday','잡다','hold','steal','rescue','give up',1,50.0000,1),(145,'2017-12-10 16:48:21','bettertoday','괴롭히다','bully','look down on','despise','give up',1,50.0000,1),(146,'2017-12-10 16:49:27','bettertoday','궁금한','curious','brave','doubt','shocked',1,50.0000,1),(147,'2017-12-10 16:50:19','bettertoday','용감한','brave','coward','courage','hero',1,50.0000,1),(148,'2017-12-10 16:51:00','bettertoday','영웅','hero','brave','courageous','general',1,50.0000,1),(149,'2017-12-10 16:51:50','bettertoday','얕잡아보다, 멸시하다','look down on','look down','look up','look up to',1,50.0000,1),(150,'2017-12-10 16:52:41','bettertoday','이유','reason','season','regrow','strange',1,50.0000,1),(151,'2017-12-10 16:53:05','bettertoday','이상한','strange','unique','amazing','wonderful',1,50.0000,1),(152,'2017-12-10 16:53:37','bettertoday','독특한','unique','strange','amazing','wonderrful',1,50.0000,1),(153,'2017-12-10 16:54:23','bettertoday','(둘의) 사이에','between','among','and','across',1,50.0000,1),(154,'2017-12-10 16:55:41','bettertoday','놀라운','amazing','surprised','shocked','strange',1,50.0000,1),(155,'2017-12-10 16:57:34','bettertoday','다시 자라나다, 재성장하다','regrow','refresh','revive','renew',1,50.0000,1),(156,'2017-12-10 16:58:13','bettertoday','팔','arm','leg','hand','finger',1,50.0000,1),(157,'2017-12-10 16:59:30','bettertoday','잃다, 잃어버리다','lose','forget','give up','take away',1,50.0000,1),(158,'2017-12-10 17:00:59','bettertoday','찾다\r\n','look for','look out','lose','found',1,50.0000,1),(159,'2017-12-10 17:01:48','bettertoday','아주 작은','tiny','small','big','large',1,50.0000,1),(160,'2017-12-10 17:03:10','bettertoday','피, 혈액','blood','pea','tube','fur',1,50.0000,1),(161,'2017-12-10 17:03:44','bettertoday','관','tube','subway','vessel','vein',1,50.0000,1),(162,'2017-12-10 17:04:45','bettertoday','다시 자라나다','grow back','return','retire','resemble',1,50.0000,1),(163,'2017-12-10 17:06:20','bettertoday','그러나, 하지만','however','anyhow','between','in spite of',1,50.0000,1),(164,'2017-12-10 17:07:12','bettertoday','닮다, 비슷하게 생기다','resemble','similar','differ','different',1,50.0000,1),(165,'2017-12-10 17:07:51','bettertoday','(시간이) 걸리다','take up','take down','look up','look down',1,50.0000,1),(166,'2017-12-10 18:11:47','bettertoday','고대하다, 기대하다','look forward to','wait','take up','look for',1,50.0000,1),(167,'2017-12-10 18:12:53','bettertoday','다큐멘터리','documentary','dacumentary','documentery','dokumentary',1,50.0000,1),(168,'2017-12-10 18:14:39','bettertoday','또한','also','altogether','and','among',1,50.0000,1),(169,'2017-12-10 18:15:22','bettertoday','추측하다, 짐작하다','guess','think','assume','look forward to',1,50.0000,1),(170,'2017-12-10 18:16:02','bettertoday','만들어내다, 지어내다','make up','make out','make for','make in',1,50.0000,1),(171,'2017-12-10 18:17:15','bettertoday','아무튼, 어쨌든','anyway','anyhow','everyway','however',1,50.0000,1),(172,'2017-12-10 18:18:00','bettertoday','너저분한, 지저분한','messy','clean','worked up','make up',1,50.0000,1),(173,'2017-12-10 18:19:18','bettertoday','비슷한','similar','same','also','equal',1,50.0000,1),(174,'2017-12-10 18:20:30','bettertoday','예를 들면','for example','for excuse','for all','for real',1,50.0000,1),(175,'2017-12-10 18:21:26','bettertoday','다음','next','previous','tomorrow','after',1,50.0000,1),(176,'2017-12-10 18:22:01','bettertoday','관련된','related','real','similar','same',1,50.0000,1),(177,'2017-12-10 18:23:08','bettertoday','진짜의, 실제의','real','fake','same','fiction',1,50.0000,1),(178,'2017-12-10 18:24:01','bettertoday','실수하다','make a mistake','for example','make up one\'s mind','look forward to',1,50.0000,1),(179,'2017-12-10 18:25:06','bettertoday','(셋 이상 중에서) ~ 사이에 , ~ 중에','among','between','beside','in the middle of',1,50.0000,1),(180,'2017-12-10 18:25:36','bettertoday','가장 좋아하는','favorite','lovely','most','like',1,50.0000,1),(181,'2017-12-10 18:26:27','bettertoday','국가의, 국립의','national','international','provicial','municipal',1,50.0000,1),(182,'2017-12-10 18:27:02','bettertoday','전통적인','traditional','national','international','tribal',1,50.0000,1),(183,'2017-12-10 18:27:57','bettertoday','중앙, 가운데','center','past','corner','side',1,50.0000,1),(184,'2017-12-10 18:28:42','bettertoday','일부러, 고의로','on purpose','on demand','on call','on stand by',1,50.0000,1),(185,'2017-12-10 18:30:09','bettertoday','가벼운, 연한','light','small','fade','thin',1,50.0000,1),(186,'2017-12-10 18:30:54','bettertoday','점검하다, 확인해 보다','check out','look','focus on','explain',1,50.0000,1),(187,'2017-12-10 18:31:30','bettertoday','과거','past','present','future','current',1,50.0000,1),(188,'2017-12-10 18:31:58','bettertoday','실수','mistake','center','corner','curator',1,50.0000,1),(189,'2017-12-10 18:33:01','bettertoday','기간, 시대','period','season','century','space',1,50.0000,1),(190,'2017-12-10 18:34:11','bettertoday','유명한','famous','notorious','idol','light',1,50.0000,1),(191,'2017-12-10 18:35:34','bettertoday','수채화 물감','watercolor','oil paint','crayon','marker',1,50.0000,1),(192,'2017-12-10 18:36:07','bettertoday','구석, 모퉁이, 모서리','corner','center','middle','side',1,50.0000,1),(193,'2017-12-10 18:36:53','bettertoday','~에 집중하다, 촛점을 맞추다','focus on','center','try hard','on purpose',1,50.0000,1),(194,'2017-12-10 18:37:38','bettertoday','설명하다','explain','explore','focus on','check out',1,50.0000,1),(195,'2017-12-10 18:38:45','bettertoday','거꾸로, 반대로','backwards','forward','upward','downwards',1,50.0000,1),(196,'2017-12-10 18:39:11','bettertoday','큐레이터','curator','curater','qurator','qurater',1,50.0000,1),(197,'2017-12-10 18:39:39','bettertoday','거대한, 매우 큰','huge','big','large','tall',1,50.0000,1),(198,'2017-12-10 18:40:15','bettertoday',' 입구','entrance','enterance','enteranse','entranse',1,50.0000,1),(199,'2017-12-10 18:41:03','bettertoday','지느러미','fin','fan','pan','pin',1,50.0000,1),(200,'2017-12-10 18:42:00','bettertoday','(좌우로) 흔들리다','sway','move','go back and forth','get into',1,50.0000,1),(201,'2017-12-10 18:43:36','bettertoday','상어','shark','whale','fish','jaws',1,50.0000,1),(202,'2017-12-10 18:44:42','bettertoday','이쪽으로, 이리로','this way','over there','this time','forward',1,50.0000,1),(203,'2017-12-10 19:57:47','bettertoday','창의적인','creative','inventive','favorite','curator',1,50.0000,1),(204,'2017-12-10 19:59:04','bettertoday','걱정하다','worry','attack','take off','get into',1,50.0000,1),(205,'2017-12-10 19:59:42','bettertoday','잠수함','submarine','subway','stairway','underwater',1,50.0000,1),(206,'2017-12-10 20:00:26','bettertoday','꼬리','tail','fin','fan','throat',1,50.0000,1),(207,'2017-12-10 20:00:53','bettertoday','앞으로','forward','backwards','upward','downwards',1,50.0000,1),(208,'2017-12-10 20:01:28','bettertoday','공격','attack','defense','away','sway',1,50.0000,1),(209,'2017-12-10 20:02:09','bettertoday','운송수단, 교통수단','transportation','train','submarine','automobile',1,50.0000,1),(210,'2017-12-10 20:03:24','bettertoday','바닥, 아래쪽','bottom','ceiling','floor','under',1,50.0000,1),(211,'2017-12-10 20:04:25','bettertoday','(탈것에) 타다','get into','get off','get out','get over',1,50.0000,1),(212,'2017-12-10 20:05:03','bettertoday','날개','wing','fin','leg','swing',1,50.0000,1),(213,'2017-12-10 20:05:54','bettertoday','~보다 더 적은','less than ~','more than ~','worse than ~','better than ~',1,50.0000,1),(214,'2017-12-10 20:06:17','bettertoday','비용, 비용이 들다','cost','pay','buy','worth',1,50.0000,1),(215,'2017-12-10 20:07:30','bettertoday','탈 것, 운송수단','vehicle','car','transition','aircraft',1,50.0000,1),(216,'2017-12-10 20:08:15','bettertoday','비싼','expensive','cheap','valuable','deal',1,50.0000,1),(217,'2017-12-10 20:09:03','bettertoday','이행(상태의 변화)','transition','transportation','take off','weigh',1,50.0000,1),(218,'2017-12-10 20:09:48','bettertoday','비행기 조종사','pilot','driver','chauffeur','conductor',1,50.0000,1),(219,'2017-12-10 20:11:06','bettertoday','회사','company','school','building','bank',1,50.0000,1),(220,'2017-12-10 20:11:35','bettertoday','(종이 등을) 접다','fold up','take off','build up','take down',1,50.0000,1),(221,'2017-12-10 20:12:24','bettertoday','거래, 계약','deal','cost','license','weight',1,50.0000,1),(222,'2017-12-10 20:12:58','bettertoday','(비행기가) 이륙하다','take off','land','fly','go up',1,50.0000,1),(223,'2017-12-10 20:14:42','bettertoday','무게가 나가다, 무게를 재다','weigh','take off','cost','heavy',1,50.0000,1),(224,'2017-12-10 20:15:52','bettertoday','항공기, 배','craft','ship','vessel','submarine',1,50.0000,1),(225,'2017-12-10 20:16:20','bettertoday','매우, 무척','pretty','cute','merely','only',1,50.0000,1),(226,'2017-12-10 20:17:56','bettertoday','더군다나, 게다가','in addition,','extra','however','anyhow',1,50.0000,1),(227,'2017-12-10 20:18:46','bettertoday','면허','license','credit card','identification','passport',1,50.0000,1);
/*!40000 ALTER TABLE `questions` ENABLE KEYS */;
UNLOCK TABLES;

--
-- Temporary table structure for view `questions_with_weight`
--

DROP TABLE IF EXISTS `questions_with_weight`;
/*!50001 DROP VIEW IF EXISTS `questions_with_weight`*/;
SET @saved_cs_client     = @@character_set_client;
SET character_set_client = utf8;
/*!50001 CREATE TABLE `questions_with_weight` (
  `question_id` int(11),
  `word` varchar(45),
  `selection1` varchar(45),
  `selection2` varchar(45),
  `selection3` varchar(45),
  `selection4` varchar(45),
  `answer` int(11),
  `date_created` datetime,
  `weight` decimal(41,7)
) ENGINE=MyISAM */;
SET character_set_client = @saved_cs_client;

--
-- Table structure for table `words_member`
--

DROP TABLE IF EXISTS `words_member`;
/*!40101 SET @saved_cs_client     = @@character_set_client */;
/*!40101 SET character_set_client = utf8 */;
CREATE TABLE `words_member` (
  `member_id` varchar(12) NOT NULL,
  `passwd` varchar(12) NOT NULL,
  `nickname` varchar(15) NOT NULL,
  `email` varchar(45) DEFAULT NULL,
  `date_created` date NOT NULL,
  `birth_year` year(4) NOT NULL,
  `member_level` int(11) NOT NULL DEFAULT '4',
  `status` int(11) NOT NULL DEFAULT '1',
  `can_make_question` int(11) NOT NULL DEFAULT '0',
  PRIMARY KEY (`member_id`)
) ENGINE=MyISAM DEFAULT CHARSET=utf8;
/*!40101 SET character_set_client = @saved_cs_client */;

--
-- Dumping data for table `words_member`
--

LOCK TABLES `words_member` WRITE;
/*!40000 ALTER TABLE `words_member` DISABLE KEYS */;
INSERT INTO `words_member` VALUES ('a','a','a','aa@aa','2017-11-28',2001,1,1,1),('bettertoday','kiss2893','bettertoday','bettertoday@gmail.com','2017-11-28',1971,5,1,1),('wisesia','sia1234567','sia','wisesia@gmail.com','2017-11-29',2007,4,1,0),('pianopiano','piano1234567','piano',NULL,'2017-12-02',1976,3,1,0),('level001','level001','level001','level001@level001','2017-12-10',2001,1,1,0),('level002','level002','level002','level001@level001','2017-12-10',2001,2,1,0),('level003','level003','level003','level001@level001','2017-12-10',2001,3,1,0);
/*!40000 ALTER TABLE `words_member` ENABLE KEYS */;
UNLOCK TABLES;

--
-- Temporary table structure for view `words_member_with_score`
--

DROP TABLE IF EXISTS `words_member_with_score`;
/*!50001 DROP VIEW IF EXISTS `words_member_with_score`*/;
SET @saved_cs_client     = @@character_set_client;
SET character_set_client = utf8;
/*!50001 CREATE TABLE `words_member_with_score` (
  `member_id` varchar(12),
  `passwd` varchar(12),
  `can_make_question` int(11),
  `avg_30` decimal(11,8),
  `avg_31_to_60` decimal(11,8),
  `avg_61_to_90` decimal(11,8),
  `avg_91_plus` decimal(11,8)
) ENGINE=MyISAM */;
SET character_set_client = @saved_cs_client;

--
-- Final view structure for view `question_correct_by_level`
--

/*!50001 DROP TABLE IF EXISTS `question_correct_by_level`*/;
/*!50001 DROP VIEW IF EXISTS `question_correct_by_level`*/;
/*!50001 SET @saved_cs_client          = @@character_set_client */;
/*!50001 SET @saved_cs_results         = @@character_set_results */;
/*!50001 SET @saved_col_connection     = @@collation_connection */;
/*!50001 SET character_set_client      = utf8 */;
/*!50001 SET character_set_results     = utf8 */;
/*!50001 SET collation_connection      = utf8_unicode_ci */;
/*!50001 CREATE ALGORITHM=UNDEFINED */
/*!50013 DEFINER=`bettertoday`@`localhost` SQL SECURITY DEFINER */
/*!50001 VIEW `question_correct_by_level` AS select `mwh`.`question_id` AS `question_id`,`mwh`.`member_level` AS `member_level`,count(0) AS `try_sum`,(select count(0) from `member_word_history` `mwh2` where ((`mwh2`.`question_id` = `mwh`.`question_id`) and (`mwh2`.`member_level` = `mwh`.`member_level`) and (`mwh2`.`count_tried` = 1))) AS `try_1st`,(((select count(0) from `member_word_history` `mwh2` where ((`mwh2`.`question_id` = `mwh`.`question_id`) and (`mwh2`.`member_level` = `mwh`.`member_level`) and (`mwh2`.`count_tried` = 1))) / count(0)) * 100) AS `ratio_1st` from `member_word_history` `mwh` group by `mwh`.`question_id`,`mwh`.`member_level` */;
/*!50001 SET character_set_client      = @saved_cs_client */;
/*!50001 SET character_set_results     = @saved_cs_results */;
/*!50001 SET collation_connection      = @saved_col_connection */;

--
-- Final view structure for view `questions_with_weight`
--

/*!50001 DROP TABLE IF EXISTS `questions_with_weight`*/;
/*!50001 DROP VIEW IF EXISTS `questions_with_weight`*/;
/*!50001 SET @saved_cs_client          = @@character_set_client */;
/*!50001 SET @saved_cs_results         = @@character_set_results */;
/*!50001 SET @saved_col_connection     = @@collation_connection */;
/*!50001 SET character_set_client      = utf8 */;
/*!50001 SET character_set_results     = utf8 */;
/*!50001 SET collation_connection      = utf8_unicode_ci */;
/*!50001 CREATE ALGORITHM=UNDEFINED */
/*!50013 DEFINER=`bettertoday`@`localhost` SQL SECURITY DEFINER */
/*!50001 VIEW `questions_with_weight` AS select `qcbl`.`question_id` AS `question_id`,`q`.`word` AS `word`,`q`.`selection1` AS `selection1`,`q`.`selection2` AS `selection2`,`q`.`selection3` AS `selection3`,`q`.`selection4` AS `selection4`,`q`.`answer` AS `answer`,`q`.`date_created` AS `date_created`,(100 - ((((((((((coalesce((select `qcbl2`.`ratio_1st` from `question_correct_by_level` `qcbl2` where ((`qcbl`.`question_id` = `qcbl2`.`question_id`) and (`qcbl2`.`member_level` = 1))),50) * 0.292) * 1) + ((coalesce((select `qcbl2`.`ratio_1st` from `question_correct_by_level` `qcbl2` where ((`qcbl`.`question_id` = `qcbl2`.`question_id`) and (`qcbl2`.`member_level` = 2))),50) * 0.228) * 1)) + ((coalesce((select `qcbl2`.`ratio_1st` from `question_correct_by_level` `qcbl2` where ((`qcbl`.`question_id` = `qcbl2`.`question_id`) and (`qcbl2`.`member_level` = 3))),50) * 0.172) * 1)) + ((coalesce((select `qcbl2`.`ratio_1st` from `question_correct_by_level` `qcbl2` where ((`qcbl`.`question_id` = `qcbl2`.`question_id`) and (`qcbl2`.`member_level` = 4))),50) * 0.124) * 1)) + ((coalesce((select `qcbl2`.`ratio_1st` from `question_correct_by_level` `qcbl2` where ((`qcbl`.`question_id` = `qcbl2`.`question_id`) and (`qcbl2`.`member_level` = 5))),50) * 0.084) * 1)) + ((coalesce((select `qcbl2`.`ratio_1st` from `question_correct_by_level` `qcbl2` where ((`qcbl`.`question_id` = `qcbl2`.`question_id`) and (`qcbl2`.`member_level` = 6))),50) * 0.052) * 1)) + ((coalesce((select `qcbl2`.`ratio_1st` from `question_correct_by_level` `qcbl2` where ((`qcbl`.`question_id` = `qcbl2`.`question_id`) and (`qcbl2`.`member_level` = 7))),50) * 0.028) * 1)) + ((coalesce((select `qcbl2`.`ratio_1st` from `question_correct_by_level` `qcbl2` where ((`qcbl`.`question_id` = `qcbl2`.`question_id`) and (`qcbl2`.`member_level` = 8))),50) * 0.012) * 1)) + ((coalesce((select `qcbl2`.`ratio_1st` from `question_correct_by_level` `qcbl2` where ((`qcbl`.`question_id` = `qcbl2`.`question_id`) and (`qcbl2`.`member_level` = 9))),50) * 0.004) * 1))) AS `weight` from (`question_correct_by_level` `qcbl` join `questions` `q`) where (`qcbl`.`question_id` = `q`.`question_id`) group by `qcbl`.`question_id` */;
/*!50001 SET character_set_client      = @saved_cs_client */;
/*!50001 SET character_set_results     = @saved_cs_results */;
/*!50001 SET collation_connection      = @saved_col_connection */;

--
-- Final view structure for view `words_member_with_score`
--

/*!50001 DROP TABLE IF EXISTS `words_member_with_score`*/;
/*!50001 DROP VIEW IF EXISTS `words_member_with_score`*/;
/*!50001 SET @saved_cs_client          = @@character_set_client */;
/*!50001 SET @saved_cs_results         = @@character_set_results */;
/*!50001 SET @saved_col_connection     = @@collation_connection */;
/*!50001 SET character_set_client      = utf8 */;
/*!50001 SET character_set_results     = utf8 */;
/*!50001 SET collation_connection      = utf8_unicode_ci */;
/*!50001 CREATE ALGORITHM=UNDEFINED */
/*!50013 DEFINER=`bettertoday`@`localhost` SQL SECURITY DEFINER */
/*!50001 VIEW `words_member_with_score` AS select `mwh`.`member_id` AS `member_id`,`member`.`passwd` AS `passwd`,`member`.`can_make_question` AS `can_make_question`,coalesce((select avg(`mwh2`.`score`) from `member_word_history` `mwh2` where ((`mwh2`.`date_created` >= (now() - interval 30 day)) and (`mwh`.`member_id` = `mwh2`.`member_id`))),0) AS `avg_30`,coalesce((select avg(`mwh2`.`score`) from `member_word_history` `mwh2` where ((`mwh2`.`date_created` <= (now() - interval 31 day)) and (`mwh2`.`date_created` >= (now() - interval 60 day)) and (`mwh`.`member_id` = `mwh2`.`member_id`))),0) AS `avg_31_to_60`,coalesce((select avg(`mwh2`.`score`) from `member_word_history` `mwh2` where ((`mwh2`.`date_created` <= (now() - interval 61 day)) and (`mwh2`.`date_created` >= (now() - interval 90 day)) and (`mwh`.`member_id` = `mwh2`.`member_id`))),0) AS `avg_61_to_90`,coalesce((select avg(`mwh2`.`score`) from `member_word_history` `mwh2` where ((`mwh2`.`date_created` <= (now() - interval 91 day)) and (`mwh`.`member_id` = `mwh2`.`member_id`))),0) AS `avg_91_plus` from (`member_word_history` `mwh` join `words_member` `member` on((`mwh`.`member_id` = `member`.`member_id`))) group by `mwh`.`member_id` order by `mwh`.`date_created` desc limit 100 */;
/*!50001 SET character_set_client      = @saved_cs_client */;
/*!50001 SET character_set_results     = @saved_cs_results */;
/*!50001 SET collation_connection      = @saved_col_connection */;
/*!40103 SET TIME_ZONE=@OLD_TIME_ZONE */;

/*!40101 SET SQL_MODE=@OLD_SQL_MODE */;
/*!40014 SET FOREIGN_KEY_CHECKS=@OLD_FOREIGN_KEY_CHECKS */;
/*!40014 SET UNIQUE_CHECKS=@OLD_UNIQUE_CHECKS */;
/*!40101 SET CHARACTER_SET_CLIENT=@OLD_CHARACTER_SET_CLIENT */;
/*!40101 SET CHARACTER_SET_RESULTS=@OLD_CHARACTER_SET_RESULTS */;
/*!40101 SET COLLATION_CONNECTION=@OLD_COLLATION_CONNECTION */;
/*!40111 SET SQL_NOTES=@OLD_SQL_NOTES */;

-- Dump completed on 2017-12-11 10:33:34
