-- MySQL dump 10.13  Distrib 5.5.17, for Linux (x86_64)
--
-- Host: localhost    Database: bettertoday
-- ------------------------------------------------------
-- Server version	5.5.17-log

/*!40101 SET @OLD_CHARACTER_SET_CLIENT=@@CHARACTER_SET_CLIENT */;
/*!40101 SET @OLD_CHARACTER_SET_RESULTS=@@CHARACTER_SET_RESULTS */;
/*!40101 SET @OLD_COLLATION_CONNECTION=@@COLLATION_CONNECTION */;
/*!40101 SET NAMES utf8 */;
/*!40103 SET @OLD_TIME_ZONE=@@TIME_ZONE */;
/*!40103 SET TIME_ZONE='+00:00' */;
/*!40014 SET @OLD_UNIQUE_CHECKS=@@UNIQUE_CHECKS, UNIQUE_CHECKS=0 */;
/*!40014 SET @OLD_FOREIGN_KEY_CHECKS=@@FOREIGN_KEY_CHECKS, FOREIGN_KEY_CHECKS=0 */;
/*!40101 SET @OLD_SQL_MODE=@@SQL_MODE, SQL_MODE='NO_AUTO_VALUE_ON_ZERO' */;
/*!40111 SET @OLD_SQL_NOTES=@@SQL_NOTES, SQL_NOTES=0 */;

--
-- Table structure for table `member_word_history`
--

DROP TABLE IF EXISTS `member_word_history`;
/*!40101 SET @saved_cs_client     = @@character_set_client */;
/*!40101 SET character_set_client = utf8 */;
CREATE TABLE `member_word_history` (
  `history_id` int(11) NOT NULL AUTO_INCREMENT,
  `member_id` varchar(12) NOT NULL,
  `member_level` int(11) NOT NULL,
  `question_id` int(11) NOT NULL,
  `date_created` datetime NOT NULL,
  `count_tried` int(11) NOT NULL COMMENT '문제를 몇번만에 맞추었는지\n',
  `weight` decimal(7,4) NOT NULL DEFAULT '50.0000',
  `score` decimal(7,4) NOT NULL DEFAULT '0.0000',
  PRIMARY KEY (`history_id`),
  KEY `fk_member_id_idx` (`member_id`),
  KEY `fk_question_id_idx` (`question_id`)
) ENGINE=MyISAM AUTO_INCREMENT=1292 DEFAULT CHARSET=utf8;
/*!40101 SET character_set_client = @saved_cs_client */;

--
-- Dumping data for table `member_word_history`
--

LOCK TABLES `member_word_history` WRITE;
/*!40000 ALTER TABLE `member_word_history` DISABLE KEYS */;
INSERT INTO `member_word_history` VALUES (1291,'bettertoday',4,101,'2017-12-03 14:50:58',1,50.0000,50.0000),(1290,'bettertoday',4,26,'2017-12-03 14:50:58',1,50.0000,50.0000),(1289,'bettertoday',4,44,'2017-12-03 14:50:58',1,50.0000,50.0000),(1288,'bettertoday',4,42,'2017-12-03 14:50:58',1,50.0000,50.0000),(1287,'bettertoday',4,92,'2017-12-03 14:50:58',1,44.0000,44.0000),(1286,'bettertoday',4,51,'2017-12-03 14:50:58',1,47.7333,47.7333),(1285,'bettertoday',4,63,'2017-12-03 14:50:38',1,38.9333,38.9333),(1284,'bettertoday',4,46,'2017-12-03 14:50:38',1,39.8000,39.8000),(1283,'bettertoday',4,90,'2017-12-03 14:50:38',1,44.0000,44.0000),(1282,'bettertoday',4,49,'2017-12-03 14:50:38',1,32.8800,32.8800),(1281,'bettertoday',4,62,'2017-12-03 14:50:38',1,52.6000,52.6000),(1280,'bettertoday',4,94,'2017-12-03 14:50:38',1,50.0000,50.0000),(1279,'bettertoday',4,101,'2017-12-03 14:50:38',1,50.0000,50.0000),(1278,'bettertoday',4,67,'2017-12-03 14:50:38',1,49.9333,49.9333),(1277,'bettertoday',4,92,'2017-12-03 14:50:38',1,50.0000,50.0000),(1276,'bettertoday',4,85,'2017-12-03 14:50:38',1,44.0000,44.0000),(1275,'bettertoday',4,55,'2017-12-03 14:50:07',1,50.0000,50.0000),(1274,'bettertoday',4,62,'2017-12-03 14:50:07',1,52.6000,52.6000),(1273,'bettertoday',4,36,'2017-12-03 14:50:07',1,32.8000,32.8000),(1272,'bettertoday',4,24,'2017-12-03 14:50:07',1,42.4000,42.4000),(1271,'bettertoday',4,85,'2017-12-03 14:50:07',1,50.0000,50.0000),(1270,'bettertoday',4,76,'2017-12-03 14:50:07',1,44.0000,44.0000),(1269,'bettertoday',4,71,'2017-12-03 14:50:07',1,43.4000,43.4000),(1268,'bettertoday',4,100,'2017-12-03 14:50:07',1,52.6000,52.6000),(1267,'bettertoday',4,90,'2017-12-03 14:50:07',1,50.0000,50.0000),(1266,'bettertoday',4,77,'2017-12-03 14:50:07',1,52.6000,52.6000),(1265,'bettertoday',4,72,'2017-12-03 14:49:37',1,55.0800,55.0800),(1264,'bettertoday',4,69,'2017-12-03 14:49:37',1,50.2000,50.2000),(1263,'bettertoday',4,32,'2017-12-03 14:49:37',1,45.6000,45.6000),(1262,'bettertoday',4,45,'2017-12-03 14:49:37',1,39.3000,39.3000),(1261,'bettertoday',4,60,'2017-12-03 14:49:37',1,50.0000,50.0000),(1260,'bettertoday',4,100,'2017-12-03 14:49:37',1,50.0000,50.0000),(1259,'bettertoday',4,14,'2017-12-03 14:49:37',1,37.2000,37.2000),(1258,'bettertoday',4,37,'2017-12-03 14:49:37',1,42.2800,42.2800),(1257,'bettertoday',4,102,'2017-12-03 14:49:37',1,50.0000,50.0000),(1256,'bettertoday',4,35,'2017-12-03 14:49:37',1,39.8000,39.8000),(1255,'bettertoday',4,11,'2017-12-03 14:49:03',1,41.3333,41.3333),(1254,'bettertoday',4,89,'2017-12-03 14:49:03',1,50.0000,50.0000),(1253,'bettertoday',4,48,'2017-12-03 14:49:03',1,50.0000,50.0000),(1252,'bettertoday',4,70,'2017-12-03 14:49:03',1,48.4000,48.4000),(1251,'bettertoday',4,62,'2017-12-03 14:49:03',1,52.6000,52.6000),(1250,'bettertoday',4,103,'2017-12-03 14:49:03',1,50.2000,50.2000),(1249,'bettertoday',4,38,'2017-12-03 14:49:03',1,50.0000,50.0000),(1248,'bettertoday',4,17,'2017-12-03 14:49:03',1,39.8000,39.8000),(1247,'bettertoday',4,40,'2017-12-03 14:49:03',1,46.3600,46.3600),(1246,'bettertoday',4,61,'2017-12-03 14:49:03',1,46.5000,46.5000),(1245,'bettertoday',4,57,'2017-12-03 14:48:29',1,50.0000,50.0000),(1244,'bettertoday',4,69,'2017-12-03 14:48:29',2,48.1333,24.0667),(1243,'bettertoday',4,11,'2017-12-03 14:48:29',1,42.1600,42.1600),(1242,'bettertoday',4,66,'2017-12-03 14:48:29',1,39.8000,39.8000),(1241,'bettertoday',4,101,'2017-12-03 14:48:29',1,41.6000,41.6000),(1240,'bettertoday',4,60,'2017-12-03 14:48:29',1,50.0000,50.0000),(1239,'bettertoday',4,36,'2017-12-03 14:48:29',1,50.0000,50.0000),(1238,'bettertoday',4,28,'2017-12-03 14:48:29',1,39.0000,39.0000),(1237,'bettertoday',4,54,'2017-12-03 14:48:29',1,43.9333,43.9333),(1236,'bettertoday',4,21,'2017-12-03 14:48:29',1,37.2000,37.2000),(1235,'bettertoday',4,102,'2017-12-03 14:47:51',1,50.0000,50.0000),(1234,'bettertoday',4,29,'2017-12-03 14:47:51',1,48.4000,48.4000),(1233,'bettertoday',4,24,'2017-12-03 14:47:51',1,42.4000,42.4000),(1232,'bettertoday',4,17,'2017-12-03 14:47:51',1,39.8000,39.8000),(1231,'bettertoday',4,89,'2017-12-03 14:47:51',1,50.0000,50.0000),(1230,'bettertoday',4,82,'2017-12-03 14:47:51',1,50.0000,50.0000),(1229,'bettertoday',4,39,'2017-12-03 14:47:51',1,45.8000,45.8000),(1228,'bettertoday',4,41,'2017-12-03 14:47:51',1,39.8000,39.8000),(1227,'bettertoday',4,53,'2017-12-03 14:47:51',1,37.4000,37.4000),(1226,'bettertoday',4,54,'2017-12-03 14:47:51',1,50.0000,50.0000),(1225,'bettertoday',4,84,'2017-12-03 14:47:18',1,35.4000,35.4000),(1224,'bettertoday',4,15,'2017-12-03 14:47:18',1,56.2000,56.2000),(1223,'bettertoday',4,49,'2017-12-03 14:47:18',1,32.8800,32.8800),(1222,'bettertoday',4,39,'2017-12-03 14:47:18',1,45.8000,45.8000),(1221,'bettertoday',4,45,'2017-12-03 14:47:18',1,39.3000,39.3000),(1220,'bettertoday',4,40,'2017-12-03 14:47:18',1,50.0000,50.0000),(1219,'bettertoday',4,60,'2017-12-03 14:47:18',1,50.0000,50.0000),(1218,'bettertoday',4,54,'2017-12-03 14:47:18',1,50.0000,50.0000),(1217,'bettertoday',4,75,'2017-12-03 14:47:18',1,39.8000,39.8000),(1216,'bettertoday',4,65,'2017-12-03 14:47:18',1,45.5333,45.5333),(1215,'bettertoday',4,18,'2017-12-03 14:46:40',1,44.0000,44.0000),(1214,'bettertoday',4,40,'2017-12-03 14:46:40',1,49.6667,49.6667),(1213,'bettertoday',4,82,'2017-12-03 14:46:40',1,47.6000,47.6000),(1212,'bettertoday',4,43,'2017-12-03 14:46:40',1,28.6000,28.6000),(1211,'bettertoday',4,80,'2017-12-03 14:46:40',1,32.8000,32.8000),(1210,'bettertoday',4,100,'2017-12-03 14:46:40',1,50.0000,50.0000),(1209,'bettertoday',4,45,'2017-12-03 14:46:40',1,39.3000,39.3000),(1208,'bettertoday',4,22,'2017-12-03 14:46:40',2,50.0000,25.0000),(1207,'bettertoday',4,77,'2017-12-03 14:46:40',1,52.6000,52.6000),(1206,'bettertoday',4,9,'2017-12-03 14:46:40',1,41.4000,41.4000),(1205,'bettertoday',4,66,'2017-12-03 14:46:05',1,50.0000,50.0000),(1204,'bettertoday',4,37,'2017-12-03 14:46:05',1,42.9000,42.9000),(1203,'bettertoday',4,36,'2017-12-03 14:46:05',1,50.0000,50.0000),(1202,'bettertoday',4,22,'2017-12-03 14:46:05',1,47.6000,47.6000),(1201,'bettertoday',4,67,'2017-12-03 14:46:05',1,52.0000,52.0000),(1200,'bettertoday',4,70,'2017-12-03 14:46:05',1,48.4000,48.4000),(1199,'bettertoday',4,72,'2017-12-03 14:46:05',1,50.0000,50.0000),(1198,'bettertoday',4,60,'2017-12-03 14:46:05',1,50.0000,50.0000),(1197,'bettertoday',4,58,'2017-12-03 14:46:05',1,46.0000,46.0000),(1196,'bettertoday',4,18,'2017-12-03 14:46:05',1,44.0000,44.0000),(1195,'bettertoday',4,100,'2017-12-03 14:45:34',1,52.6000,52.6000),(1194,'bettertoday',4,51,'2017-12-03 14:45:34',1,47.7333,47.7333),(1193,'bettertoday',4,10,'2017-12-03 14:45:34',1,50.0000,50.0000),(1192,'bettertoday',4,93,'2017-12-03 14:45:34',1,52.6000,52.6000),(1191,'bettertoday',4,43,'2017-12-03 14:45:34',1,28.6000,28.6000),(1190,'bettertoday',4,109,'2017-12-03 14:45:34',1,44.0000,44.0000),(1189,'bettertoday',4,80,'2017-12-03 14:45:34',1,50.0000,50.0000),(1188,'bettertoday',4,76,'2017-12-03 14:45:34',1,44.0000,44.0000),(1187,'bettertoday',4,26,'2017-12-03 14:45:34',1,50.0000,50.0000),(1186,'bettertoday',4,62,'2017-12-03 14:45:34',1,58.8000,58.8000),(1185,'bettertoday',4,63,'2017-12-03 14:44:58',1,38.9333,38.9333),(1184,'bettertoday',4,109,'2017-12-03 14:44:58',1,50.0000,50.0000),(1183,'bettertoday',4,89,'2017-12-03 14:44:58',1,44.0000,44.0000),(1182,'bettertoday',4,103,'2017-12-03 14:44:58',1,56.4000,56.4000),(1181,'bettertoday',4,35,'2017-12-03 14:44:58',1,39.8000,39.8000),(1180,'bettertoday',4,19,'2017-12-03 14:44:58',1,46.0000,46.0000),(1179,'bettertoday',4,77,'2017-12-03 14:44:58',1,52.6000,52.6000),(1178,'bettertoday',4,40,'2017-12-03 14:44:58',1,53.8000,53.8000),(1177,'bettertoday',4,19,'2017-12-03 14:44:58',1,50.0000,50.0000),(1176,'bettertoday',4,22,'2017-12-03 14:44:58',1,53.8000,53.8000),(1175,'bettertoday',4,11,'2017-12-03 14:44:25',2,50.0000,25.0000),(1174,'bettertoday',4,37,'2017-12-03 14:44:25',1,43.9333,43.9333),(1173,'bettertoday',4,17,'2017-12-03 14:44:25',1,39.8000,39.8000),(1172,'bettertoday',4,69,'2017-12-03 14:44:25',1,50.0000,50.0000),(1171,'bettertoday',4,100,'2017-12-03 14:44:25',1,50.0000,50.0000),(1170,'bettertoday',4,42,'2017-12-03 14:44:25',1,31.4000,31.4000),(1169,'bettertoday',4,16,'2017-12-03 14:44:25',1,50.0000,50.0000),(1168,'bettertoday',4,15,'2017-12-03 14:44:25',1,62.4000,62.4000),(1167,'bettertoday',4,72,'2017-12-03 14:44:25',1,56.7333,56.7333),(1166,'bettertoday',4,32,'2017-12-03 14:44:25',1,45.6000,45.6000),(1165,'wisesia',4,100,'2017-12-02 23:19:45',1,52.6000,52.6000),(1164,'wisesia',4,27,'2017-12-02 23:19:45',1,28.6000,28.6000),(1163,'wisesia',4,67,'2017-12-02 23:19:45',1,58.2000,58.2000),(1162,'wisesia',4,35,'2017-12-02 23:19:45',1,50.0000,50.0000),(1161,'wisesia',4,81,'2017-12-02 23:19:45',1,50.0000,50.0000),(1160,'wisesia',4,63,'2017-12-02 23:19:45',1,50.0000,50.0000),(1159,'wisesia',4,60,'2017-12-02 23:19:45',1,50.0000,50.0000),(1158,'wisesia',4,48,'2017-12-02 23:19:45',2,47.6000,23.8000),(1157,'wisesia',4,18,'2017-12-02 23:19:45',1,50.0000,50.0000),(1156,'wisesia',4,49,'2017-12-02 23:19:45',1,50.0000,50.0000),(1155,'wisesia',4,67,'2017-12-02 23:18:54',2,52.0000,26.0000),(1154,'wisesia',4,46,'2017-12-02 23:18:54',1,46.0000,46.0000),(1153,'wisesia',4,88,'2017-12-02 23:18:54',1,44.0000,44.0000),(1152,'wisesia',4,89,'2017-12-02 23:18:54',1,50.0000,50.0000),(1151,'wisesia',4,37,'2017-12-02 23:18:54',2,50.0000,25.0000),(1150,'wisesia',4,69,'2017-12-02 23:18:54',1,56.4000,56.4000),(1149,'wisesia',4,98,'2017-12-02 23:18:54',1,50.0000,50.0000),(1148,'wisesia',4,11,'2017-12-02 23:18:54',1,50.0000,50.0000),(1147,'wisesia',4,22,'2017-12-02 23:18:54',2,47.6000,23.8000),(1146,'wisesia',4,32,'2017-12-02 23:18:54',1,45.6000,45.6000),(1145,'wisesia',4,52,'2017-12-02 23:18:05',1,28.6000,28.6000),(1144,'wisesia',4,88,'2017-12-02 23:18:05',1,50.0000,50.0000),(1143,'wisesia',4,11,'2017-12-02 23:18:05',3,37.2000,9.3000),(1142,'wisesia',4,39,'2017-12-02 23:18:05',1,45.8000,45.8000),(1141,'wisesia',4,69,'2017-12-02 23:18:05',2,50.0000,25.0000),(1140,'wisesia',4,38,'2017-12-02 23:18:05',1,50.0000,50.0000),(1139,'wisesia',4,34,'2017-12-02 23:18:05',3,50.0000,12.5000),(1138,'wisesia',4,47,'2017-12-02 23:18:05',1,43.4000,43.4000),(1137,'wisesia',4,24,'2017-12-02 23:18:05',1,42.4000,42.4000),(1136,'wisesia',4,76,'2017-12-02 23:18:05',1,44.0000,44.0000),(1135,'wisesia',4,23,'2017-12-02 23:17:08',1,50.0000,50.0000),(1134,'wisesia',4,72,'2017-12-02 23:17:08',1,50.0000,50.0000),(1133,'wisesia',4,65,'2017-12-02 23:17:08',3,41.4000,10.3500),(1132,'wisesia',4,76,'2017-12-02 23:17:08',1,50.0000,50.0000),(1131,'wisesia',4,25,'2017-12-02 23:17:08',1,50.0000,50.0000),(1130,'wisesia',4,59,'2017-12-02 23:17:08',1,50.0000,50.0000),(1129,'wisesia',4,32,'2017-12-02 23:17:08',1,45.6000,45.6000),(1128,'wisesia',4,39,'2017-12-02 23:17:08',1,50.0000,50.0000),(1127,'wisesia',4,60,'2017-12-02 23:17:08',1,50.0000,50.0000),(1126,'wisesia',4,45,'2017-12-02 23:17:08',1,50.0000,50.0000),(1125,'wisesia',4,77,'2017-12-02 23:16:27',1,58.8000,58.8000),(1124,'wisesia',4,49,'2017-12-02 23:16:27',1,39.0800,39.0800),(1123,'wisesia',4,63,'2017-12-02 23:16:27',1,45.1333,45.1333),(1122,'wisesia',4,76,'2017-12-02 23:16:27',1,50.0000,50.0000),(1121,'wisesia',4,33,'2017-12-02 23:16:27',1,38.9333,38.9333),(1120,'wisesia',4,103,'2017-12-02 23:16:27',3,50.0000,12.5000),(1119,'wisesia',4,11,'2017-12-02 23:16:27',1,50.0000,50.0000),(1118,'wisesia',4,16,'2017-12-02 23:16:27',1,50.0000,50.0000),(1117,'wisesia',4,24,'2017-12-02 23:16:27',1,42.4000,42.4000),(1116,'wisesia',4,93,'2017-12-02 23:16:27',1,58.8000,58.8000),(1115,'wisesia',4,39,'2017-12-02 23:15:47',1,52.0000,52.0000),(1114,'wisesia',4,17,'2017-12-02 23:15:47',1,50.0000,50.0000),(1113,'wisesia',4,35,'2017-12-02 23:15:47',1,46.0000,46.0000),(1112,'wisesia',4,51,'2017-12-02 23:15:47',1,47.7333,47.7333),(1111,'wisesia',4,29,'2017-12-02 23:15:47',1,54.6000,54.6000),(1110,'wisesia',4,30,'2017-12-02 23:15:47',1,50.0000,50.0000),(1109,'wisesia',4,44,'2017-12-02 23:15:47',1,37.2000,37.2000),(1108,'wisesia',4,56,'2017-12-02 23:15:47',1,39.8000,39.8000),(1107,'wisesia',4,33,'2017-12-02 23:15:47',1,45.1333,45.1333),(1106,'wisesia',4,26,'2017-12-02 23:15:47',1,43.4000,43.4000),(1105,'pianopiano',3,52,'2017-12-02 23:08:15',1,50.0000,50.0000),(1104,'pianopiano',3,53,'2017-12-02 23:08:15',1,46.0000,46.0000),(1103,'pianopiano',3,10,'2017-12-02 23:06:14',1,50.0000,50.0000),(1102,'pianopiano',3,93,'2017-12-02 23:06:14',4,58.8000,0.0000),(1101,'pianopiano',3,100,'2017-12-02 23:06:14',2,44.0000,22.0000),(1100,'pianopiano',3,43,'2017-12-02 23:06:14',1,37.2000,37.2000),(1099,'pianopiano',3,34,'2017-12-02 23:05:46',2,50.0000,25.0000),(1098,'pianopiano',3,101,'2017-12-02 23:05:46',1,50.0000,50.0000),(1097,'pianopiano',3,39,'2017-12-02 23:05:46',2,50.0000,25.0000),(1096,'pianopiano',3,51,'2017-12-02 23:05:46',1,53.4667,53.4667),(1095,'pianopiano',3,94,'2017-12-02 23:05:46',1,50.0000,50.0000),(1094,'pianopiano',3,59,'2017-12-02 23:05:46',4,48.6000,0.0000),(1093,'pianopiano',3,25,'2017-12-02 23:05:46',1,50.0000,50.0000),(1092,'pianopiano',3,16,'2017-12-02 23:05:46',2,50.0000,25.0000),(1091,'pianopiano',3,72,'2017-12-02 23:05:46',2,50.0000,25.0000),(1090,'pianopiano',3,60,'2017-12-02 23:05:46',3,50.0000,12.5000),(1089,'pianopiano',3,96,'2017-12-02 23:04:27',1,44.0000,44.0000),(1088,'pianopiano',3,49,'2017-12-02 23:04:27',1,47.6800,47.6800),(1087,'pianopiano',3,28,'2017-12-02 23:04:27',1,47.6000,47.6000),(1086,'pianopiano',3,80,'2017-12-02 23:04:27',1,50.0000,50.0000),(1085,'pianopiano',3,34,'2017-12-02 23:04:27',2,41.4000,20.7000),(1084,'pianopiano',3,74,'2017-12-02 23:04:27',1,50.0000,50.0000),(1083,'pianopiano',3,60,'2017-12-02 23:04:27',4,50.0000,0.0000),(1082,'pianopiano',3,36,'2017-12-02 23:04:27',1,41.4000,41.4000),(1081,'pianopiano',3,84,'2017-12-02 23:04:27',1,44.0000,44.0000),(1080,'pianopiano',3,42,'2017-12-02 23:04:27',1,31.4000,31.4000),(1079,'pianopiano',3,98,'2017-12-02 23:03:35',3,44.0000,11.0000),(1078,'pianopiano',3,72,'2017-12-02 23:03:35',2,50.0000,25.0000),(1077,'pianopiano',3,29,'2017-12-02 23:03:35',2,50.0000,25.0000),(1076,'pianopiano',3,38,'2017-12-02 23:03:35',2,50.0000,25.0000),(1075,'pianopiano',3,16,'2017-12-02 23:03:35',2,50.0000,25.0000),(1074,'pianopiano',3,51,'2017-12-02 23:03:35',2,53.4667,26.7333),(1073,'pianopiano',3,61,'2017-12-02 23:03:35',1,55.1000,55.1000),(1072,'pianopiano',3,77,'2017-12-02 23:03:35',3,50.0000,12.5000),(1071,'pianopiano',3,70,'2017-12-02 23:03:35',2,39.8000,19.9000),(1070,'pianopiano',3,42,'2017-12-02 23:03:35',1,40.0000,40.0000),(1069,'pianopiano',3,74,'2017-12-02 23:02:31',1,50.0000,50.0000),(1068,'pianopiano',3,23,'2017-12-02 23:02:31',1,46.0000,46.0000),(1067,'pianopiano',3,15,'2017-12-02 23:02:31',3,53.8000,13.4500),(1066,'pianopiano',3,67,'2017-12-02 23:02:31',2,43.4000,21.7000),(1065,'pianopiano',3,80,'2017-12-02 23:02:31',1,50.0000,50.0000),(1064,'pianopiano',3,62,'2017-12-02 23:02:31',2,50.0000,25.0000),(1063,'pianopiano',3,93,'2017-12-02 23:02:31',3,50.0000,12.5000),(1062,'pianopiano',3,27,'2017-12-02 23:02:31',1,37.2000,37.2000),(1061,'pianopiano',3,72,'2017-12-02 23:02:31',2,50.0000,25.0000),(1060,'pianopiano',3,51,'2017-12-02 23:02:31',2,50.0000,25.0000),(1059,'pianopiano',4,81,'2017-12-02 23:01:22',1,50.0000,50.0000),(1058,'pianopiano',4,41,'2017-12-02 23:01:22',1,50.0000,50.0000),(1057,'pianopiano',4,36,'2017-12-02 23:01:22',1,47.6000,47.6000),(1056,'pianopiano',4,37,'2017-12-02 23:01:22',1,39.8000,39.8000),(1055,'pianopiano',4,15,'2017-12-02 23:01:22',4,47.6000,0.0000),(1054,'pianopiano',4,54,'2017-12-02 23:01:22',2,46.0000,23.0000),(1053,'pianopiano',4,87,'2017-12-02 23:01:22',1,50.0000,50.0000),(1052,'pianopiano',4,43,'2017-12-02 23:01:22',1,43.4000,43.4000),(1051,'pianopiano',4,72,'2017-12-02 23:01:22',4,50.0000,0.0000),(1050,'pianopiano',4,27,'2017-12-02 23:01:22',1,43.4000,43.4000),(1049,'wisesia',4,40,'2017-12-02 22:55:02',2,53.8000,26.9000),(1048,'bettertoday',4,12,'2017-12-02 22:16:51',1,43.4000,43.4000),(1047,'bettertoday',4,16,'2017-12-02 22:11:29',1,50.0000,50.0000),(1046,'bettertoday',4,81,'2017-12-02 22:11:29',1,50.0000,50.0000),(1045,'bettertoday',4,100,'2017-12-02 12:16:40',1,50.0000,50.0000),(1044,'bettertoday',4,52,'2017-12-02 12:16:40',1,37.2000,37.2000),(1043,'bettertoday',4,96,'2017-12-02 12:16:30',1,50.0000,50.0000),(1042,'bettertoday',4,24,'2017-12-02 12:16:30',1,50.0000,50.0000),(1041,'bettertoday',4,32,'2017-12-02 12:16:30',1,50.0000,50.0000),(1040,'bettertoday',4,72,'2017-12-02 12:16:30',1,50.0000,50.0000),(1039,'bettertoday',4,98,'2017-12-02 12:16:30',1,50.0000,50.0000),(1038,'bettertoday',4,24,'2017-12-02 12:16:30',1,48.6000,48.6000),(1037,'bettertoday',4,34,'2017-12-02 12:16:30',1,47.6000,47.6000),(1036,'bettertoday',4,79,'2017-12-02 12:16:30',1,50.0000,50.0000),(1035,'bettertoday',4,11,'2017-12-02 12:16:30',1,50.0000,50.0000),(1034,'bettertoday',4,17,'2017-12-02 12:16:30',1,46.0000,46.0000),(1033,'bettertoday',4,40,'2017-12-02 12:16:00',2,50.0000,25.0000),(1032,'bettertoday',4,80,'2017-12-02 12:16:00',1,50.0000,50.0000),(1031,'bettertoday',4,70,'2017-12-02 12:16:00',1,39.8000,39.8000),(1030,'bettertoday',4,55,'2017-12-02 12:16:00',1,45.1333,45.1333),(1029,'bettertoday',4,21,'2017-12-02 12:16:00',1,43.4000,43.4000),(1028,'bettertoday',4,61,'2017-12-02 12:16:00',4,48.9000,0.0000),(1027,'bettertoday',4,10,'2017-12-02 12:16:00',1,50.0000,50.0000),(1026,'bettertoday',4,65,'2017-12-02 12:16:00',1,41.4000,41.4000),(1025,'bettertoday',4,56,'2017-12-02 12:16:00',1,50.0000,50.0000),(1024,'bettertoday',4,51,'2017-12-02 12:16:00',1,51.0667,51.0667),(1023,'bettertoday',4,45,'2017-12-02 12:14:56',1,45.5000,45.5000),(1022,'bettertoday',4,37,'2017-12-02 12:14:56',1,46.0000,46.0000),(1021,'bettertoday',4,41,'2017-12-02 12:14:56',1,46.0000,46.0000),(1020,'bettertoday',4,79,'2017-12-02 12:14:56',1,48.6000,48.6000),(1019,'bettertoday',4,80,'2017-12-02 12:14:56',1,47.6000,47.6000),(1018,'bettertoday',4,75,'2017-12-02 12:14:56',1,50.0000,50.0000),(1017,'bettertoday',4,45,'2017-12-02 12:14:56',1,45.5000,45.5000),(1016,'bettertoday',4,44,'2017-12-02 12:14:56',1,50.0000,50.0000),(1015,'bettertoday',4,32,'2017-12-02 12:14:56',1,51.8000,51.8000),(1014,'bettertoday',4,9,'2017-12-02 12:14:56',1,50.0000,50.0000),(1013,'bettertoday',4,31,'2017-12-02 12:14:23',1,50.0000,50.0000),(1012,'bettertoday',4,84,'2017-12-02 12:14:23',1,50.2000,50.2000),(1011,'bettertoday',4,14,'2017-12-02 12:14:23',1,43.4000,43.4000),(1010,'bettertoday',4,66,'2017-12-02 12:14:23',1,46.0000,46.0000),(1009,'bettertoday',4,65,'2017-12-02 12:14:23',1,50.0000,50.0000),(1008,'bettertoday',4,70,'2017-12-02 12:14:23',1,46.0000,46.0000),(1007,'bettertoday',4,52,'2017-12-02 12:14:23',1,43.4000,43.4000),(1006,'bettertoday',4,60,'2017-12-02 12:14:23',1,47.6000,47.6000),(1005,'bettertoday',4,57,'2017-12-02 12:14:23',1,43.4000,43.4000),(1004,'bettertoday',4,42,'2017-12-02 12:14:22',1,46.2000,46.2000),(1003,'bettertoday',4,25,'2017-12-01 18:36:46',1,43.4000,43.4000),(803,'bettertoday',6,55,'2017-11-30 11:34:37',1,50.0000,50.0000),(804,'bettertoday',6,15,'2017-11-30 11:40:12',1,86.9778,86.9778),(805,'bettertoday',6,12,'2017-11-30 11:40:12',1,86.4000,86.4000),(806,'bettertoday',6,67,'2017-11-30 11:40:12',1,50.0000,50.0000),(807,'bettertoday',6,66,'2017-11-30 11:40:12',2,50.0000,25.0000),(808,'bettertoday',6,14,'2017-11-30 18:26:30',1,43.8333,43.8333),(809,'bettertoday',6,43,'2017-11-30 18:26:30',1,47.6000,47.6000),(810,'bettertoday',6,21,'2017-11-30 18:26:30',1,44.0240,44.0240),(811,'bettertoday',6,25,'2017-11-30 18:26:30',1,50.0000,50.0000),(812,'bettertoday',6,71,'2017-11-30 18:26:30',1,50.0000,50.0000),(813,'bettertoday',6,15,'2017-11-30 18:26:30',1,50.0000,50.0000),(814,'bettertoday',6,40,'2017-11-30 18:26:30',1,47.6000,47.6000),(815,'bettertoday',6,25,'2017-11-30 18:26:30',1,43.4000,43.4000),(816,'bettertoday',6,57,'2017-11-30 18:26:30',1,50.0000,50.0000),(817,'bettertoday',6,49,'2017-11-30 18:26:30',1,47.6000,47.6000),(818,'bettertoday',6,45,'2017-11-30 18:27:01',1,47.6000,47.6000),(819,'bettertoday',6,33,'2017-11-30 18:27:01',1,50.0000,50.0000),(820,'bettertoday',6,38,'2017-11-30 18:27:01',1,50.0000,50.0000),(821,'bettertoday',6,71,'2017-11-30 18:27:01',1,47.6000,47.6000),(822,'bettertoday',6,67,'2017-11-30 18:27:01',1,47.6000,47.6000),(823,'bettertoday',6,40,'2017-11-30 18:27:01',1,50.0000,50.0000),(824,'bettertoday',6,46,'2017-11-30 18:27:01',1,50.0000,50.0000),(825,'bettertoday',6,17,'2017-11-30 18:27:01',2,29.1467,14.5733),(826,'bettertoday',6,24,'2017-11-30 19:46:48',2,43.4000,21.7000),(827,'bettertoday',6,51,'2017-11-30 19:46:48',1,50.0000,50.0000),(828,'wisesia',6,31,'2017-11-30 20:47:48',1,50.0000,50.0000),(829,'bettertoday',5,27,'2017-11-30 21:31:33',1,50.0000,50.0000),(830,'bettertoday',5,50,'2017-11-30 21:31:33',1,52.8000,52.8000),(831,'bettertoday',5,30,'2017-11-30 21:31:33',1,43.4000,43.4000),(832,'bettertoday',5,57,'2017-11-30 21:31:33',1,47.6000,47.6000),(833,'bettertoday',5,29,'2017-11-30 21:31:33',1,43.4000,43.4000),(834,'bettertoday',5,52,'2017-11-30 21:31:33',1,47.6000,47.6000),(835,'bettertoday',5,14,'2017-11-30 21:31:33',1,50.0000,50.0000),(836,'bettertoday',5,11,'2017-11-30 21:31:33',1,43.4000,43.4000),(837,'bettertoday',5,75,'2017-11-30 21:31:33',1,50.0000,50.0000),(838,'bettertoday',5,31,'2017-11-30 21:31:33',1,50.0000,50.0000),(839,'bettertoday',5,55,'2017-11-30 21:32:02',1,50.0000,50.0000),(840,'bettertoday',5,49,'2017-11-30 21:32:02',1,50.0000,50.0000),(841,'bettertoday',5,35,'2017-11-30 21:32:02',1,50.0000,50.0000),(842,'bettertoday',5,38,'2017-11-30 21:32:02',1,47.6000,47.6000),(843,'bettertoday',5,21,'2017-11-30 21:32:02',1,50.0000,50.0000),(844,'bettertoday',5,71,'2017-11-30 21:32:02',1,47.6000,47.6000),(845,'bettertoday',5,66,'2017-11-30 21:32:02',1,50.0000,50.0000),(846,'bettertoday',5,24,'2017-11-30 21:32:02',1,43.7250,43.7250),(847,'bettertoday',5,10,'2017-11-30 21:32:02',1,43.4000,43.4000),(848,'bettertoday',5,25,'2017-11-30 21:32:02',1,43.4000,43.4000),(849,'bettertoday',5,12,'2017-11-30 21:32:35',1,50.0000,50.0000),(850,'bettertoday',5,42,'2017-11-30 21:32:35',2,48.9000,24.4500),(851,'bettertoday',5,55,'2017-11-30 21:32:35',1,50.0000,50.0000),(852,'bettertoday',5,43,'2017-11-30 21:32:35',1,47.6000,47.6000),(853,'bettertoday',5,47,'2017-11-30 21:32:35',1,50.0000,50.0000),(854,'bettertoday',5,20,'2017-11-30 21:32:35',1,59.1000,59.1000),(855,'bettertoday',5,67,'2017-11-30 21:32:35',1,47.6000,47.6000),(856,'bettertoday',5,66,'2017-11-30 21:32:35',1,48.6000,48.6000),(857,'bettertoday',5,23,'2017-11-30 21:32:35',1,47.6000,47.6000),(858,'bettertoday',5,54,'2017-11-30 21:32:35',1,50.0000,50.0000),(859,'bettertoday',5,45,'2017-11-30 21:33:05',1,47.6000,47.6000),(860,'bettertoday',5,79,'2017-11-30 21:33:05',1,50.0000,50.0000),(861,'bettertoday',5,39,'2017-11-30 21:33:05',1,58.3714,58.3714),(862,'bettertoday',5,71,'2017-11-30 21:33:05',1,43.4000,43.4000),(863,'bettertoday',5,51,'2017-11-30 21:33:05',1,51.0667,51.0667),(864,'bettertoday',5,19,'2017-11-30 21:33:05',1,43.4000,43.4000),(865,'bettertoday',5,44,'2017-11-30 21:33:05',1,47.6000,47.6000),(866,'bettertoday',5,35,'2017-11-30 21:33:05',1,50.0000,50.0000),(867,'bettertoday',5,66,'2017-11-30 21:33:05',1,48.6000,48.6000),(868,'wisesia',6,16,'2017-11-30 21:41:33',1,50.0000,50.0000),(869,'wisesia',6,34,'2017-11-30 21:41:33',1,44.3043,44.3043),(870,'wisesia',6,52,'2017-11-30 21:41:33',1,50.0000,50.0000),(871,'wisesia',6,39,'2017-11-30 21:41:33',1,50.0000,50.0000),(872,'wisesia',6,22,'2017-11-30 21:41:33',1,43.4000,43.4000),(873,'wisesia',6,65,'2017-11-30 21:41:33',1,47.6000,47.6000),(874,'wisesia',6,79,'2017-11-30 21:41:33',4,46.0000,0.0000),(875,'wisesia',6,15,'2017-11-30 21:41:33',1,43.8727,43.8727),(876,'wisesia',6,40,'2017-11-30 21:41:33',1,47.6000,47.6000),(877,'wisesia',6,21,'2017-11-30 21:41:33',1,44.0000,44.0000),(878,'wisesia',6,9,'2017-11-30 21:43:11',1,49.6800,49.6800),(879,'wisesia',6,66,'2017-11-30 21:43:11',1,48.6000,48.6000),(880,'wisesia',6,74,'2017-11-30 21:43:11',1,50.0000,50.0000),(881,'wisesia',6,51,'2017-11-30 21:43:11',3,46.8667,11.7167),(882,'wisesia',6,34,'2017-11-30 21:43:11',1,44.2667,44.2667),(883,'wisesia',6,67,'2017-11-30 21:43:11',1,43.4000,43.4000),(884,'wisesia',6,9,'2017-11-30 21:43:11',1,49.6800,49.6800),(885,'wisesia',6,46,'2017-11-30 21:43:11',2,47.6000,23.8000),(886,'wisesia',6,84,'2017-11-30 21:43:11',3,50.0000,12.5000),(887,'wisesia',6,39,'2017-11-30 21:43:11',1,58.3467,58.3467),(888,'wisesia',6,63,'2017-11-30 21:44:52',4,50.0000,0.0000),(889,'wisesia',6,20,'2017-11-30 21:44:52',1,59.1000,59.1000),(890,'wisesia',6,33,'2017-11-30 21:44:52',2,44.0933,22.0467),(891,'wisesia',6,55,'2017-11-30 21:44:52',2,43.4000,21.7000),(892,'wisesia',6,42,'2017-11-30 21:44:52',1,50.0000,50.0000),(893,'wisesia',6,76,'2017-11-30 21:44:52',3,50.0000,12.5000),(894,'wisesia',6,33,'2017-11-30 21:44:52',1,50.0000,50.0000),(895,'wisesia',6,11,'2017-11-30 21:44:52',1,50.0000,50.0000),(896,'wisesia',6,59,'2017-11-30 21:44:52',2,47.6000,23.8000),(897,'wisesia',6,39,'2017-11-30 21:44:52',1,58.3250,58.3250),(898,'wisesia',6,28,'2017-11-30 21:46:44',1,45.3500,45.3500),(899,'wisesia',6,61,'2017-11-30 21:46:44',4,47.6000,0.0000),(900,'wisesia',6,43,'2017-11-30 21:46:44',1,50.0000,50.0000),(901,'wisesia',6,50,'2017-11-30 21:46:44',2,48.6000,24.3000),(902,'wisesia',6,36,'2017-11-30 21:46:44',1,50.0000,50.0000),(903,'wisesia',6,40,'2017-11-30 21:46:44',1,47.6000,47.6000),(904,'wisesia',6,51,'2017-11-30 21:46:44',2,47.3000,23.6500),(905,'wisesia',6,42,'2017-11-30 21:46:44',1,52.9556,52.9556),(906,'wisesia',6,16,'2017-11-30 21:46:44',1,50.0000,50.0000),(907,'wisesia',6,38,'2017-11-30 21:46:44',1,50.0000,50.0000),(908,'wisesia',6,76,'2017-11-30 21:47:34',1,50.0000,50.0000),(909,'wisesia',6,56,'2017-11-30 21:47:34',4,50.0000,0.0000),(910,'wisesia',6,84,'2017-11-30 21:47:34',1,52.8000,52.8000),(911,'wisesia',6,63,'2017-11-30 21:47:34',1,50.0000,50.0000),(912,'wisesia',6,44,'2017-11-30 21:47:34',1,43.4000,43.4000),(913,'wisesia',6,48,'2017-11-30 21:47:34',1,44.4400,44.4400),(914,'wisesia',6,63,'2017-11-30 21:47:34',1,50.2000,50.2000),(915,'wisesia',6,17,'2017-11-30 21:47:34',1,29.4500,29.4500),(916,'wisesia',6,32,'2017-11-30 21:47:34',1,50.0000,50.0000),(917,'wisesia',6,47,'2017-11-30 21:47:34',1,50.0000,50.0000),(918,'wisesia',6,55,'2017-11-30 21:53:29',1,46.0000,46.0000),(919,'wisesia',6,74,'2017-11-30 21:53:29',1,50.0000,50.0000),(920,'wisesia',6,50,'2017-11-30 21:53:29',1,50.0000,50.0000),(921,'wisesia',6,20,'2017-11-30 21:53:29',4,50.0000,0.0000),(922,'wisesia',6,49,'2017-11-30 21:53:29',2,50.0000,25.0000),(923,'wisesia',6,60,'2017-11-30 21:53:29',1,47.6000,47.6000),(924,'wisesia',6,56,'2017-11-30 21:53:29',1,51.0667,51.0667),(925,'wisesia',6,71,'2017-11-30 21:53:29',1,43.4000,43.4000),(926,'wisesia',6,26,'2017-11-30 21:53:29',1,50.0000,50.0000),(927,'wisesia',6,28,'2017-11-30 21:53:29',1,45.1333,45.1333),(928,'wisesia',6,80,'2017-11-30 21:54:06',1,50.0000,50.0000),(929,'wisesia',6,32,'2017-11-30 21:54:06',1,50.0000,50.0000),(930,'wisesia',6,28,'2017-11-30 21:54:06',1,44.9600,44.9600),(931,'wisesia',6,27,'2017-11-30 21:54:06',1,43.4000,43.4000),(932,'wisesia',6,38,'2017-11-30 21:54:06',1,43.4000,43.4000),(933,'wisesia',6,60,'2017-11-30 21:54:06',1,47.6000,47.6000),(934,'wisesia',6,16,'2017-11-30 21:54:06',1,50.0000,50.0000),(935,'wisesia',6,61,'2017-11-30 21:54:06',1,50.2000,50.2000),(936,'wisesia',6,52,'2017-11-30 21:54:06',1,50.0000,50.0000),(937,'wisesia',6,82,'2017-11-30 21:54:06',1,50.0000,50.0000),(938,'wisesia',6,80,'2017-11-30 21:54:08',1,50.0000,50.0000),(939,'wisesia',6,32,'2017-11-30 21:54:08',1,50.0000,50.0000),(940,'wisesia',6,28,'2017-11-30 21:54:08',1,44.9600,44.9600),(941,'wisesia',6,27,'2017-11-30 21:54:08',1,43.4000,43.4000),(942,'wisesia',6,38,'2017-11-30 21:54:08',1,43.4000,43.4000),(943,'wisesia',6,60,'2017-11-30 21:54:08',1,47.6000,47.6000),(944,'wisesia',6,16,'2017-11-30 21:54:08',1,50.0000,50.0000),(945,'wisesia',6,61,'2017-11-30 21:54:08',1,50.2000,50.2000),(946,'wisesia',6,52,'2017-11-30 21:54:08',1,50.0000,50.0000),(947,'wisesia',6,82,'2017-11-30 21:54:08',1,50.0000,50.0000),(948,'wisesia',6,80,'2017-11-30 21:54:09',1,50.0000,50.0000),(949,'wisesia',6,32,'2017-11-30 21:54:09',1,50.0000,50.0000),(950,'wisesia',6,28,'2017-11-30 21:54:09',1,44.9600,44.9600),(951,'wisesia',6,27,'2017-11-30 21:54:09',1,43.4000,43.4000),(952,'wisesia',6,38,'2017-11-30 21:54:09',1,43.4000,43.4000),(953,'wisesia',6,60,'2017-11-30 21:54:09',1,47.6000,47.6000),(954,'wisesia',6,16,'2017-11-30 21:54:09',1,50.0000,50.0000),(955,'wisesia',6,61,'2017-11-30 21:54:09',1,50.2000,50.2000),(956,'wisesia',6,52,'2017-11-30 21:54:09',1,50.0000,50.0000),(957,'wisesia',6,82,'2017-11-30 21:54:09',1,50.0000,50.0000),(958,'bettertoday',5,43,'2017-12-01 15:44:40',1,50.0000,50.0000),(959,'bettertoday',5,17,'2017-12-01 15:44:40',1,29.4118,29.4118),(960,'bettertoday',5,51,'2017-12-01 15:44:40',2,50.0000,25.0000),(961,'bettertoday',5,63,'2017-12-01 15:44:40',1,50.0000,50.0000),(962,'bettertoday',5,71,'2017-12-01 15:44:40',1,50.0000,50.0000),(963,'bettertoday',5,11,'2017-12-01 15:44:40',1,43.4000,43.4000),(964,'bettertoday',5,67,'2017-12-01 15:44:40',1,43.4000,43.4000),(965,'bettertoday',5,49,'2017-12-01 15:44:40',2,44.7000,22.3500),(966,'bettertoday',5,55,'2017-12-01 15:44:40',1,50.0000,50.0000),(967,'bettertoday',5,56,'2017-12-01 15:44:40',1,50.2000,50.2000),(968,'bettertoday',5,59,'2017-12-01 15:45:13',1,50.2000,50.2000),(969,'bettertoday',5,66,'2017-12-01 15:45:13',1,46.0000,46.0000),(970,'bettertoday',5,58,'2017-12-01 15:45:13',1,50.0000,50.0000),(971,'bettertoday',5,45,'2017-12-01 15:45:13',1,50.0000,50.0000),(972,'bettertoday',5,49,'2017-12-01 15:45:13',1,50.0000,50.0000),(973,'bettertoday',5,46,'2017-12-01 15:45:13',1,50.0000,50.0000),(974,'bettertoday',5,42,'2017-12-01 15:45:13',1,52.8400,52.8400),(975,'bettertoday',5,42,'2017-12-01 15:45:13',1,50.0000,50.0000),(976,'bettertoday',5,71,'2017-12-01 15:45:13',1,50.0000,50.0000),(977,'bettertoday',5,49,'2017-12-01 15:45:13',1,48.9000,48.9000),(978,'bettertoday',5,26,'2017-12-01 15:45:45',1,43.4000,43.4000),(979,'bettertoday',5,45,'2017-12-01 15:45:45',1,50.0000,50.0000),(980,'bettertoday',5,58,'2017-12-01 15:45:45',1,46.0000,46.0000),(981,'bettertoday',5,67,'2017-12-01 15:45:45',1,50.0000,50.0000),(982,'bettertoday',5,71,'2017-12-01 15:45:45',1,43.4000,43.4000),(983,'bettertoday',5,53,'2017-12-01 15:45:45',1,50.0000,50.0000),(984,'bettertoday',5,39,'2017-12-01 15:45:45',1,50.0000,50.0000),(985,'bettertoday',5,37,'2017-12-01 15:45:45',1,44.1429,44.1429),(986,'bettertoday',5,49,'2017-12-01 15:45:45',1,50.0000,50.0000),(987,'bettertoday',5,66,'2017-12-01 15:45:45',1,46.0000,46.0000),(988,'bettertoday',5,81,'2017-12-01 15:45:56',1,50.0000,50.0000),(989,'bettertoday',5,41,'2017-12-01 15:45:56',1,50.0000,50.0000),(990,'bettertoday',5,17,'2017-12-01 15:45:56',1,29.4118,29.4118),(991,'bettertoday',5,45,'2017-12-01 16:31:19',2,50.0000,25.0000),(992,'bettertoday',5,50,'2017-12-01 16:31:19',1,46.8667,46.8667),(993,'bettertoday',5,44,'2017-12-01 16:31:19',1,50.0000,50.0000),(994,'bettertoday',5,32,'2017-12-01 16:31:19',2,50.0000,25.0000),(995,'bettertoday',5,59,'2017-12-01 16:31:19',1,50.0000,50.0000),(996,'bettertoday',5,19,'2017-12-01 16:31:19',1,50.0000,50.0000),(997,'bettertoday',5,35,'2017-12-01 16:31:19',1,50.0000,50.0000),(998,'bettertoday',5,17,'2017-12-01 16:31:19',1,29.4118,29.4118),(999,'bettertoday',5,33,'2017-12-01 16:31:19',1,50.0000,50.0000),(1000,'bettertoday',5,70,'2017-12-01 16:31:19',1,50.0000,50.0000),(1001,'bettertoday',5,27,'2017-12-01 16:31:26',1,50.0000,50.0000),(1002,'bettertoday',5,63,'2017-12-01 16:31:26',1,50.0000,50.0000);
/*!40000 ALTER TABLE `member_word_history` ENABLE KEYS */;
UNLOCK TABLES;

--
-- Temporary table structure for view `question_correct_by_level`
--

DROP TABLE IF EXISTS `question_correct_by_level`;
/*!50001 DROP VIEW IF EXISTS `question_correct_by_level`*/;
SET @saved_cs_client     = @@character_set_client;
SET character_set_client = utf8;
/*!50001 CREATE TABLE `question_correct_by_level` (
  `question_id` int(11),
  `member_level` int(11),
  `try_sum` bigint(21),
  `try_1st` bigint(21),
  `ratio_1st` decimal(27,4)
) ENGINE=MyISAM */;
SET character_set_client = @saved_cs_client;

--
-- Table structure for table `questions`
--

DROP TABLE IF EXISTS `questions`;
/*!40101 SET @saved_cs_client     = @@character_set_client */;
/*!40101 SET character_set_client = utf8 */;
CREATE TABLE `questions` (
  `question_id` int(11) NOT NULL AUTO_INCREMENT,
  `date_created` datetime NOT NULL,
  `creator_id` varchar(12) NOT NULL COMMENT '등록자',
  `word` varchar(45) NOT NULL,
  `selection1` varchar(45) NOT NULL,
  `selection2` varchar(45) NOT NULL,
  `selection3` varchar(45) NOT NULL,
  `selection4` varchar(45) NOT NULL,
  `answer` int(11) NOT NULL,
  `weight` decimal(7,4) NOT NULL DEFAULT '50.0000',
  `status` int(11) NOT NULL DEFAULT '1',
  PRIMARY KEY (`question_id`),
  KEY `fk_creator_id_idx` (`creator_id`)
) ENGINE=MyISAM AUTO_INCREMENT=119 DEFAULT CHARSET=utf8;
/*!40101 SET character_set_client = @saved_cs_client */;

--
-- Dumping data for table `questions`
--

LOCK TABLES `questions` WRITE;
/*!40000 ALTER TABLE `questions` DISABLE KEYS */;
INSERT INTO `questions` VALUES (25,'2017-11-29 00:14:42','bettertoday','쉬다, 휴식을 취하다','take a vacation','take a break','take a trip','take care',2,50.0000,1),(9,'2017-11-28 23:39:37','bettertoday','도망가다','take a break','look for','get away','find out',3,50.0000,1),(10,'2017-11-28 23:40:28','bettertoday','서식지','home','habitat','trap','coast',2,50.0000,1),(11,'2017-11-28 23:41:18','bettertoday','충분한','endangered','flood','surprised','enough',4,50.0000,1),(12,'2017-11-28 23:42:29','bettertoday','덫','trap','trick','treat','add',1,50.0000,1),(13,'2017-11-28 23:43:19','bettertoday','~을 뜻하다, 의미하다','mean','become','find out','check',1,50.0000,1),(14,'2017-11-28 23:44:16','bettertoday','두다, 놓다','trap','bring','take','lay',4,50.0000,1),(15,'2017-11-28 23:45:17','bettertoday','홍수','fleet','blood','flood','abundant',3,50.0000,1),(16,'2017-11-28 23:46:37','bettertoday','(짐승의) 털','heir','fur','pearl','for',2,50.0000,1),(17,'2017-11-28 23:47:56','bettertoday','마지막의','midst','latest','first','last',4,50.0000,1),(18,'2017-11-28 23:48:39','bettertoday','먹이감','prey','pray','play','pry',1,50.0000,1),(19,'2017-11-28 23:49:28','bettertoday','바닷가, 해안','riverside','ocean','sea','coast',4,50.0000,1),(20,'2017-11-28 23:50:16','bettertoday','알아내다, 발견하다','check out','find out','search for','hunt',2,50.0000,1),(21,'2017-11-28 23:51:10','bettertoday','멸종 위기에 처한',' enabled','enlarged','endangered','enlisted',3,50.0000,1),(22,'2017-11-28 23:51:59','bettertoday','(국가의) 정부','government','govenment','gavernment','gobernment',1,50.0000,1),(23,'2017-11-28 23:52:44','bettertoday','사냥하다','hunt','find out','search for','check out',1,50.0000,1),(24,'2017-11-28 23:53:45','bettertoday','위험','warning','attention','watch out','danger',4,50.0000,1),(26,'2017-11-29 00:15:32','bettertoday','문제, 성가신일','trable','truble','travel','trouble',4,50.0000,1),(27,'2017-11-29 00:16:07','bettertoday','~ 옆에','by','on','under','bye',1,50.0000,1),(28,'2017-11-29 00:18:26','bettertoday','~을 찾다','get into','check out','look for','turn into',3,50.0000,1),(29,'2017-11-29 00:19:11','bettertoday','대개는, 보통은','usually','actually','really','finally',1,50.0000,1),(30,'2017-11-29 00:20:25','bettertoday','배고픈','angry','hungry','danger','poor',2,50.0000,1),(31,'2017-11-29 00:21:19','bettertoday','반드시 ~해야만 한다','really','cause','may','must',4,50.0000,1),(32,'2017-11-29 00:22:05','bettertoday','오염','pollution','polution','palution','poulution',1,50.0000,1),(33,'2017-11-29 00:22:53','bettertoday','발생시키다, 일으키다','turn out','happen','occur','cause',4,50.0000,1),(34,'2017-11-29 00:23:48','bettertoday','변하다','change','turn over','melt','surprise',1,50.0000,1),(35,'2017-11-29 00:25:11','bettertoday','녹다, 녹아내리다','melt','turn','soften','break',1,50.0000,1),(36,'2017-11-29 00:26:21','bettertoday','놀란','endangered','surprised','suspended','enabled',2,50.0000,1),(37,'2017-11-29 00:27:05','bettertoday','혼자, 홀로','along','align','alon','alone',4,50.0000,1),(38,'2017-11-29 00:27:36','bettertoday','오징어','squid','squad','skuid','skid',1,50.0000,1),(39,'2017-11-29 00:28:37','bettertoday','~ 때문에','bekose','because','becose','beecause',2,50.0000,1),(40,'2017-11-29 00:29:29','bettertoday','온도, 기온','temperature','tempareture','tenperature','tenpareture',1,50.0000,1),(41,'2017-11-29 22:10:48','bettertoday','설계하다','desine','design','dezine','dezign',2,50.0000,1),(42,'2017-11-29 22:11:27','bettertoday','방향','dairection','direktion','derection','direction',4,50.0000,1),(43,'2017-11-29 22:13:19','bettertoday','가장, 최고의','least','most','more','must',2,50.0000,1),(44,'2017-11-29 22:14:40','bettertoday','자라나다, 자라다','grow up','become','big','glow',1,50.0000,1),(45,'2017-11-29 22:15:39','bettertoday','약, 약품','madison','medicine','madicine','medison',2,50.0000,1),(46,'2017-11-29 22:16:23','bettertoday','계산하다','calkulate','calcolate','calculate','calculeit',3,50.0000,1),(47,'2017-11-29 22:17:59','bettertoday','건강','health','wealth','stealth','tilt',1,50.0000,1),(48,'2017-11-29 22:18:32','bettertoday','건축가','archtact','architector','architecture','architect',4,50.0000,1),(49,'2017-11-29 22:23:13','bettertoday','폭풍','flood','rain','storm','earthquake',3,50.0000,1),(50,'2017-11-29 22:23:53','bettertoday','어디에나, 모든곳에','everywhere','everyone','anything','anyhow',1,50.0000,1),(51,'2017-11-29 22:24:28','bettertoday','중요한','importent','important','inportant','impotant',2,50.0000,1),(52,'2017-11-29 22:25:23','bettertoday','선택하다, 고르다','look','search','find','choose',4,50.0000,1),(53,'2017-11-29 22:26:37','bettertoday','양(수량)','amount','bottom','sheep','Miss',1,50.0000,1),(54,'2017-11-29 22:27:47','bettertoday','~와 함께 시작하다, 출발하다','leave for','start with','stop with','start to',2,50.0000,1),(55,'2017-11-29 22:28:43','bettertoday','경로, 길','park','passenger','path','pass',3,50.0000,1),(56,'2017-11-29 22:29:23','bettertoday','모으다, 모이다','gether','together','gather','togather',3,50.0000,1),(57,'2017-11-29 22:31:39','bettertoday','for here의 반대말','for there','to go','for go','for hire',2,50.0000,1),(58,'2017-11-29 22:33:23','bettertoday','주소','adress','addrass','address','addres',3,50.0000,1),(59,'2017-11-29 22:36:13','bettertoday','감사하다','appreciate','appreciete','appriceate','appreciata',1,50.0000,1),(60,'2017-11-29 22:37:44','bettertoday','합창단','quartet','orchestra','singers','choir',4,50.0000,1),(61,'2017-11-29 22:39:10','bettertoday','확대하다','enable','bigger','more','enlarge',4,50.0000,1),(62,'2017-11-29 22:39:57','bettertoday','부가적인,, 추가의','additional','exceptional','traditional','final',1,50.0000,1),(63,'2017-11-29 22:41:36','bettertoday','추가의, 여분의','half','addition','unnecessary','extra',4,50.0000,1),(64,'2017-11-29 22:42:20','bettertoday','마침내, 결국','neither','finally','for all','till the end',2,50.0000,1),(65,'2017-11-29 22:47:51','bettertoday','in half an hour','30분 전에','30분 안에','30분 후에','30분 밖에',2,50.0000,1),(66,'2017-11-29 22:51:29','bettertoday','A와 B 둘다 아니다','either A or B','either A nor B','neither A nor B','neither A or B',3,50.0000,1),(67,'2017-11-29 22:52:50','bettertoday','운동','exercise','excercise','exercize','axercise',1,50.0000,1),(68,'2017-11-29 22:54:54','bettertoday','used to + 동사','~에 적응하다','~을 하기위해 사용했다','~하곤 했다','~을 써버리다',3,50.0000,1),(69,'2017-11-29 22:56:01','bettertoday','냉장고','rifrigerator','refrigerater','rifrigerater','refrigerator',4,50.0000,1),(70,'2017-11-29 22:57:03','bettertoday','낭비하다, 허비하다','recycle','waste','throw out','hang out',2,50.0000,1),(71,'2017-11-29 22:57:49','bettertoday','거의','at the least','allmost','almost','mostly',3,50.0000,1),(72,'2017-11-30 21:19:11','bettertoday','납치하다','riddle','kidnap','rescue','solve',2,50.0000,1),(73,'2017-11-30 21:19:52','bettertoday','목마른','hungry','exactly','thirsty','angry',3,50.0000,1),(74,'2017-11-30 21:20:47','bettertoday','서두르다','times up','pour','time out','hurry up',4,50.0000,1),(75,'2017-11-30 21:21:18','bettertoday','채우다','refill','fill','full','fool',2,50.0000,1),(76,'2017-11-30 21:21:59','bettertoday','괴물','manster','monstar','monster','manstar',3,50.0000,1),(77,'2017-11-30 21:22:40','bettertoday','수수께끼','ladder','quiz','riddle','solve',3,50.0000,1),(78,'2017-11-30 21:23:16','bettertoday','안전한','rest','safe','risky','dangerous',2,50.0000,1),(79,'2017-11-30 21:23:54','bettertoday','알아내다','figure out','check out','look out','search for',1,50.0000,1),(80,'2017-11-30 21:25:01','bettertoday','남기다, 떠나다','rest','start','depart','leave',4,50.0000,1),(81,'2017-11-30 21:26:17','bettertoday','쏟아 붓다','throw','pull','pour','push',3,50.0000,1),(82,'2017-11-30 21:26:53','bettertoday','구출하다','rescue','rascue','resque','rasque',1,50.0000,1),(83,'2017-11-30 21:27:40','bettertoday','~해야만 한다','may be','have to','go to ','how to',2,50.0000,1),(84,'2017-11-30 21:28:32','bettertoday','정확히','really','politely','truly','exactly',4,50.0000,1),(85,'2017-11-30 21:29:14','bettertoday','같다, 동일하다','equal','different','equalizer','differentiate',1,50.0000,1),(86,'2017-11-30 21:30:11','bettertoday','풀다, 해결하다','find out','drive','solve','how to',3,50.0000,1),(87,'2017-11-30 21:30:56','bettertoday','~하는 방법','how to','how about','why','reason',1,50.0000,1),(88,'2017-12-02 11:59:47','bettertoday','모양, 모양을 만들다','shape','fade','crack','tool',1,50.0000,1),(89,'2017-12-02 12:00:18','bettertoday','긁히다, 할퀴다','scratch','crack','break','rub',1,50.0000,1),(90,'2017-12-02 12:00:56','bettertoday','도구','tool','driver','pencil','glue',1,50.0000,1),(91,'2017-12-02 12:01:32','bettertoday','세부사항, 세부양식','detail','minute','precise','fit',1,50.0000,1),(92,'2017-12-02 12:02:27','bettertoday','하나씩 하나씩, 차례대로','one by one','side by side','turn around','carefully',1,50.0000,1),(93,'2017-12-02 12:03:22','bettertoday','금이가다, 깨지다','crack','break','scratch','shape',1,50.0000,1),(94,'2017-12-02 12:04:33','bettertoday','돌다, 회전하다, 회복하다','turn around','change direction','go back','shape',1,50.0000,1),(95,'2017-12-02 12:05:03','bettertoday','(액체가) 마르다','dry','drought','fade','rub',1,50.0000,1),(96,'2017-12-02 12:05:38','bettertoday','꼭 맞다, 잘 맞다','fit','glue','shape','detail',1,50.0000,1),(97,'2017-12-02 12:06:06','bettertoday','풀, 접착제','glue','plaster','pool','tool',1,50.0000,1),(98,'2017-12-02 12:06:41','bettertoday','(색이) 바래다','fade','thin','dry','dye',1,50.0000,1),(99,'2017-12-02 12:07:23','bettertoday','조심스럽게, 조심해서','carefully','slowly','one by one','step by step',1,50.0000,1),(100,'2017-12-02 12:09:13','bettertoday','목세공사, 나무를 깍는 사람','woodworker','woodpecker','wood glue','wood knife',1,50.0000,1),(101,'2017-12-02 12:09:52','bettertoday','문지르다','rub','rob','rubber','robber',1,50.0000,1),(102,'2017-12-02 12:10:38','bettertoday','끝이 없는, 계속되는','never-ending','finally','in the end','till the end',1,50.0000,1),(103,'2017-12-02 12:11:12','bettertoday','시골','countryside','urban','suburban','downtown',1,50.0000,1),(104,'2017-12-03 14:20:50','bettertoday','전혀 ~가 아니다','not at all','not all','not once','definitely',1,50.0000,1),(105,'2017-12-03 14:21:15','bettertoday','금발의','blonde','yellow','golden','silver',1,50.0000,1),(106,'2017-12-03 14:22:09','bettertoday','탈구되다, 뼈가 빠지다','dislocate','disarm','dismember','disect',1,50.0000,1),(107,'2017-12-03 14:22:32','bettertoday','허리','waist','waste','belly','hurry',1,50.0000,1),(108,'2017-12-03 14:23:43','bettertoday','걸다, 매달다','hang','hangover','put down','put on',1,50.0000,1),(109,'2017-12-03 14:24:23','bettertoday','떠나다, 가버리다','go away','go alone','go mad','go up',1,50.0000,1),(110,'2017-12-03 14:25:01','bettertoday','~조차','even','only','mere','simply',1,50.0000,1),(111,'2017-12-03 14:25:31','bettertoday','A B 둘중의 하나','either A or B','either A nor B','neither A nor B','neither A or B',1,50.0000,1),(112,'2017-12-03 14:27:05','bettertoday','~할 자격이 있다, ~할만 하다','deserve','perfect','earn','not at all',1,50.0000,1),(113,'2017-12-03 14:27:38','bettertoday','식사, 음식','meal','supper','eat','take out',1,50.0000,1),(114,'2017-12-03 14:28:30','bettertoday','편리한','convenient','convinient','conveniant','conviniant',1,50.0000,1),(115,'2017-12-03 14:29:33','bettertoday','팔다','sell-sold-sold','buy-bought-bought','purchase-purchased-purchased','give-gave-given',1,50.0000,1),(116,'2017-12-03 14:29:50','bettertoday','완벽한','perfect','exact','real','right',1,50.0000,1),(117,'2017-12-03 14:30:29','bettertoday','부탁, 청원','favor','please','hope','dream',1,50.0000,1),(118,'2017-12-03 14:32:11','bettertoday','아기를 돌보다','babysit','baby shower','baby boom','baby doll',1,50.0000,1);
/*!40000 ALTER TABLE `questions` ENABLE KEYS */;
UNLOCK TABLES;

--
-- Temporary table structure for view `questions_with_weight`
--

DROP TABLE IF EXISTS `questions_with_weight`;
/*!50001 DROP VIEW IF EXISTS `questions_with_weight`*/;
SET @saved_cs_client     = @@character_set_client;
SET character_set_client = utf8;
/*!50001 CREATE TABLE `questions_with_weight` (
  `question_id` int(11),
  `word` varchar(45),
  `selection1` varchar(45),
  `selection2` varchar(45),
  `selection3` varchar(45),
  `selection4` varchar(45),
  `answer` int(11),
  `date_created` datetime,
  `weight` decimal(41,7)
) ENGINE=MyISAM */;
SET character_set_client = @saved_cs_client;

--
-- Table structure for table `words_member`
--

DROP TABLE IF EXISTS `words_member`;
/*!40101 SET @saved_cs_client     = @@character_set_client */;
/*!40101 SET character_set_client = utf8 */;
CREATE TABLE `words_member` (
  `member_id` varchar(12) NOT NULL,
  `passwd` varchar(12) NOT NULL,
  `nickname` varchar(15) NOT NULL,
  `email` varchar(45) DEFAULT NULL,
  `date_created` date NOT NULL,
  `birth_year` year(4) NOT NULL,
  `member_level` int(11) NOT NULL DEFAULT '4',
  `status` int(11) NOT NULL DEFAULT '1',
  `can_make_question` int(11) NOT NULL DEFAULT '0',
  PRIMARY KEY (`member_id`)
) ENGINE=MyISAM DEFAULT CHARSET=utf8;
/*!40101 SET character_set_client = @saved_cs_client */;

--
-- Dumping data for table `words_member`
--

LOCK TABLES `words_member` WRITE;
/*!40000 ALTER TABLE `words_member` DISABLE KEYS */;
INSERT INTO `words_member` VALUES ('a','a','a','aa@aa','2017-11-28',2001,1,1,1),('bettertoday','kiss2893','bettertoday','bettertoday@gmail.com','2017-11-28',1971,4,1,1),('wisesia','sia1234567','sia','wisesia@gmail.com','2017-11-29',2007,4,1,0),('pianopiano','piano1234567','piano',NULL,'2017-12-02',1976,3,1,0);
/*!40000 ALTER TABLE `words_member` ENABLE KEYS */;
UNLOCK TABLES;

--
-- Temporary table structure for view `words_member_with_score`
--

DROP TABLE IF EXISTS `words_member_with_score`;
/*!50001 DROP VIEW IF EXISTS `words_member_with_score`*/;
SET @saved_cs_client     = @@character_set_client;
SET character_set_client = utf8;
/*!50001 CREATE TABLE `words_member_with_score` (
  `member_id` varchar(12),
  `passwd` varchar(12),
  `can_make_question` int(11),
  `avg_30` decimal(11,8),
  `avg_31_to_60` decimal(11,8),
  `avg_61_to_90` decimal(11,8),
  `avg_91_plus` decimal(11,8)
) ENGINE=MyISAM */;
SET character_set_client = @saved_cs_client;

--
-- Final view structure for view `question_correct_by_level`
--

/*!50001 DROP TABLE IF EXISTS `question_correct_by_level`*/;
/*!50001 DROP VIEW IF EXISTS `question_correct_by_level`*/;
/*!50001 SET @saved_cs_client          = @@character_set_client */;
/*!50001 SET @saved_cs_results         = @@character_set_results */;
/*!50001 SET @saved_col_connection     = @@collation_connection */;
/*!50001 SET character_set_client      = utf8 */;
/*!50001 SET character_set_results     = utf8 */;
/*!50001 SET collation_connection      = utf8_unicode_ci */;
/*!50001 CREATE ALGORITHM=UNDEFINED */
/*!50013 DEFINER=`bettertoday`@`localhost` SQL SECURITY DEFINER */
/*!50001 VIEW `question_correct_by_level` AS select `mwh`.`question_id` AS `question_id`,`mwh`.`member_level` AS `member_level`,count(0) AS `try_sum`,(select count(0) from `member_word_history` `mwh2` where ((`mwh2`.`question_id` = `mwh`.`question_id`) and (`mwh2`.`member_level` = `mwh`.`member_level`) and (`mwh2`.`count_tried` = 1))) AS `try_1st`,(((select count(0) from `member_word_history` `mwh2` where ((`mwh2`.`question_id` = `mwh`.`question_id`) and (`mwh2`.`member_level` = `mwh`.`member_level`) and (`mwh2`.`count_tried` = 1))) / count(0)) * 100) AS `ratio_1st` from `member_word_history` `mwh` group by `mwh`.`question_id`,`mwh`.`member_level` */;
/*!50001 SET character_set_client      = @saved_cs_client */;
/*!50001 SET character_set_results     = @saved_cs_results */;
/*!50001 SET collation_connection      = @saved_col_connection */;

--
-- Final view structure for view `questions_with_weight`
--

/*!50001 DROP TABLE IF EXISTS `questions_with_weight`*/;
/*!50001 DROP VIEW IF EXISTS `questions_with_weight`*/;
/*!50001 SET @saved_cs_client          = @@character_set_client */;
/*!50001 SET @saved_cs_results         = @@character_set_results */;
/*!50001 SET @saved_col_connection     = @@collation_connection */;
/*!50001 SET character_set_client      = utf8 */;
/*!50001 SET character_set_results     = utf8 */;
/*!50001 SET collation_connection      = utf8_unicode_ci */;
/*!50001 CREATE ALGORITHM=UNDEFINED */
/*!50013 DEFINER=`bettertoday`@`localhost` SQL SECURITY DEFINER */
/*!50001 VIEW `questions_with_weight` AS select `qcbl`.`question_id` AS `question_id`,`q`.`word` AS `word`,`q`.`selection1` AS `selection1`,`q`.`selection2` AS `selection2`,`q`.`selection3` AS `selection3`,`q`.`selection4` AS `selection4`,`q`.`answer` AS `answer`,`q`.`date_created` AS `date_created`,(100 - ((((((((((coalesce((select `qcbl2`.`ratio_1st` from `question_correct_by_level` `qcbl2` where ((`qcbl`.`question_id` = `qcbl2`.`question_id`) and (`qcbl2`.`member_level` = 1))),50) * 0.292) * 1) + ((coalesce((select `qcbl2`.`ratio_1st` from `question_correct_by_level` `qcbl2` where ((`qcbl`.`question_id` = `qcbl2`.`question_id`) and (`qcbl2`.`member_level` = 2))),50) * 0.228) * 1)) + ((coalesce((select `qcbl2`.`ratio_1st` from `question_correct_by_level` `qcbl2` where ((`qcbl`.`question_id` = `qcbl2`.`question_id`) and (`qcbl2`.`member_level` = 3))),50) * 0.172) * 1)) + ((coalesce((select `qcbl2`.`ratio_1st` from `question_correct_by_level` `qcbl2` where ((`qcbl`.`question_id` = `qcbl2`.`question_id`) and (`qcbl2`.`member_level` = 4))),50) * 0.124) * 1)) + ((coalesce((select `qcbl2`.`ratio_1st` from `question_correct_by_level` `qcbl2` where ((`qcbl`.`question_id` = `qcbl2`.`question_id`) and (`qcbl2`.`member_level` = 5))),50) * 0.084) * 1)) + ((coalesce((select `qcbl2`.`ratio_1st` from `question_correct_by_level` `qcbl2` where ((`qcbl`.`question_id` = `qcbl2`.`question_id`) and (`qcbl2`.`member_level` = 6))),50) * 0.052) * 1)) + ((coalesce((select `qcbl2`.`ratio_1st` from `question_correct_by_level` `qcbl2` where ((`qcbl`.`question_id` = `qcbl2`.`question_id`) and (`qcbl2`.`member_level` = 7))),50) * 0.028) * 1)) + ((coalesce((select `qcbl2`.`ratio_1st` from `question_correct_by_level` `qcbl2` where ((`qcbl`.`question_id` = `qcbl2`.`question_id`) and (`qcbl2`.`member_level` = 8))),50) * 0.012) * 1)) + ((coalesce((select `qcbl2`.`ratio_1st` from `question_correct_by_level` `qcbl2` where ((`qcbl`.`question_id` = `qcbl2`.`question_id`) and (`qcbl2`.`member_level` = 9))),50) * 0.004) * 1))) AS `weight` from (`question_correct_by_level` `qcbl` join `questions` `q`) where (`qcbl`.`question_id` = `q`.`question_id`) group by `qcbl`.`question_id` */;
/*!50001 SET character_set_client      = @saved_cs_client */;
/*!50001 SET character_set_results     = @saved_cs_results */;
/*!50001 SET collation_connection      = @saved_col_connection */;

--
-- Final view structure for view `words_member_with_score`
--

/*!50001 DROP TABLE IF EXISTS `words_member_with_score`*/;
/*!50001 DROP VIEW IF EXISTS `words_member_with_score`*/;
/*!50001 SET @saved_cs_client          = @@character_set_client */;
/*!50001 SET @saved_cs_results         = @@character_set_results */;
/*!50001 SET @saved_col_connection     = @@collation_connection */;
/*!50001 SET character_set_client      = utf8 */;
/*!50001 SET character_set_results     = utf8 */;
/*!50001 SET collation_connection      = utf8_unicode_ci */;
/*!50001 CREATE ALGORITHM=UNDEFINED */
/*!50013 DEFINER=`bettertoday`@`localhost` SQL SECURITY DEFINER */
/*!50001 VIEW `words_member_with_score` AS select `mwh`.`member_id` AS `member_id`,`member`.`passwd` AS `passwd`,`member`.`can_make_question` AS `can_make_question`,coalesce((select avg(`mwh2`.`score`) from `member_word_history` `mwh2` where ((`mwh2`.`date_created` >= (now() - interval 30 day)) and (`mwh`.`member_id` = `mwh2`.`member_id`))),0) AS `avg_30`,coalesce((select avg(`mwh2`.`score`) from `member_word_history` `mwh2` where ((`mwh2`.`date_created` <= (now() - interval 31 day)) and (`mwh2`.`date_created` >= (now() - interval 60 day)) and (`mwh`.`member_id` = `mwh2`.`member_id`))),0) AS `avg_31_to_60`,coalesce((select avg(`mwh2`.`score`) from `member_word_history` `mwh2` where ((`mwh2`.`date_created` <= (now() - interval 61 day)) and (`mwh2`.`date_created` >= (now() - interval 90 day)) and (`mwh`.`member_id` = `mwh2`.`member_id`))),0) AS `avg_61_to_90`,coalesce((select avg(`mwh2`.`score`) from `member_word_history` `mwh2` where ((`mwh2`.`date_created` <= (now() - interval 91 day)) and (`mwh`.`member_id` = `mwh2`.`member_id`))),0) AS `avg_91_plus` from (`member_word_history` `mwh` join `words_member` `member` on((`mwh`.`member_id` = `member`.`member_id`))) group by `mwh`.`member_id` order by `mwh`.`date_created` desc limit 100 */;
/*!50001 SET character_set_client      = @saved_cs_client */;
/*!50001 SET character_set_results     = @saved_cs_results */;
/*!50001 SET collation_connection      = @saved_col_connection */;
/*!40103 SET TIME_ZONE=@OLD_TIME_ZONE */;

/*!40101 SET SQL_MODE=@OLD_SQL_MODE */;
/*!40014 SET FOREIGN_KEY_CHECKS=@OLD_FOREIGN_KEY_CHECKS */;
/*!40014 SET UNIQUE_CHECKS=@OLD_UNIQUE_CHECKS */;
/*!40101 SET CHARACTER_SET_CLIENT=@OLD_CHARACTER_SET_CLIENT */;
/*!40101 SET CHARACTER_SET_RESULTS=@OLD_CHARACTER_SET_RESULTS */;
/*!40101 SET COLLATION_CONNECTION=@OLD_COLLATION_CONNECTION */;
/*!40111 SET SQL_NOTES=@OLD_SQL_NOTES */;

-- Dump completed on 2017-12-04 16:33:07
