-- MySQL dump 10.13  Distrib 5.5.17, for Linux (x86_64)
--
-- Host: localhost    Database: bettertoday
-- ------------------------------------------------------
-- Server version	5.5.17-log

/*!40101 SET @OLD_CHARACTER_SET_CLIENT=@@CHARACTER_SET_CLIENT */;
/*!40101 SET @OLD_CHARACTER_SET_RESULTS=@@CHARACTER_SET_RESULTS */;
/*!40101 SET @OLD_COLLATION_CONNECTION=@@COLLATION_CONNECTION */;
/*!40101 SET NAMES utf8 */;
/*!40103 SET @OLD_TIME_ZONE=@@TIME_ZONE */;
/*!40103 SET TIME_ZONE='+00:00' */;
/*!40014 SET @OLD_UNIQUE_CHECKS=@@UNIQUE_CHECKS, UNIQUE_CHECKS=0 */;
/*!40014 SET @OLD_FOREIGN_KEY_CHECKS=@@FOREIGN_KEY_CHECKS, FOREIGN_KEY_CHECKS=0 */;
/*!40101 SET @OLD_SQL_MODE=@@SQL_MODE, SQL_MODE='NO_AUTO_VALUE_ON_ZERO' */;
/*!40111 SET @OLD_SQL_NOTES=@@SQL_NOTES, SQL_NOTES=0 */;

--
-- Table structure for table `member_word_history`
--

DROP TABLE IF EXISTS `member_word_history`;
/*!40101 SET @saved_cs_client     = @@character_set_client */;
/*!40101 SET character_set_client = utf8 */;
CREATE TABLE `member_word_history` (
  `history_id` int(11) NOT NULL AUTO_INCREMENT,
  `member_id` varchar(12) NOT NULL,
  `member_level` int(11) NOT NULL,
  `question_id` int(11) NOT NULL,
  `date_created` datetime NOT NULL,
  `count_tried` int(11) NOT NULL COMMENT '문제를 몇번만에 맞추었는지\n',
  `weight` decimal(7,4) NOT NULL DEFAULT '50.0000',
  `score` decimal(7,4) NOT NULL DEFAULT '0.0000',
  PRIMARY KEY (`history_id`),
  KEY `fk_member_id_idx` (`member_id`),
  KEY `fk_question_id_idx` (`question_id`)
) ENGINE=MyISAM AUTO_INCREMENT=808 DEFAULT CHARSET=utf8;
/*!40101 SET character_set_client = @saved_cs_client */;

--
-- Dumping data for table `member_word_history`
--

LOCK TABLES `member_word_history` WRITE;
/*!40000 ALTER TABLE `member_word_history` DISABLE KEYS */;
INSERT INTO `member_word_history` VALUES (490,'wisesia',6,13,'2017-11-29 22:17:06',1,50.0000,50.0000),(339,'bettertoday',6,35,'2017-11-29 11:22:07',1,70.8000,70.8000),(338,'bettertoday',6,31,'2017-11-29 11:10:44',2,50.0000,25.0000),(337,'bettertoday',6,20,'2017-11-29 11:03:28',2,70.8000,35.4000),(489,'wisesia',6,29,'2017-11-29 22:17:06',1,86.4000,86.4000),(488,'wisesia',6,37,'2017-11-29 22:17:06',1,89.0000,89.0000),(487,'wisesia',6,31,'2017-11-29 22:17:06',1,58.9333,58.9333),(486,'wisesia',6,32,'2017-11-29 22:16:39',1,57.2000,57.2000),(485,'wisesia',6,16,'2017-11-29 22:16:39',1,50.0000,50.0000),(484,'wisesia',6,39,'2017-11-29 22:16:39',1,86.4000,86.4000),(483,'wisesia',6,29,'2017-11-29 22:16:39',1,86.4000,86.4000),(482,'wisesia',6,38,'2017-11-29 22:16:39',1,50.0000,50.0000),(481,'wisesia',6,33,'2017-11-29 22:16:39',1,94.8000,94.8000),(480,'wisesia',6,45,'2017-11-29 22:16:39',1,50.0000,50.0000),(479,'wisesia',6,41,'2017-11-29 22:16:39',1,50.0000,50.0000),(478,'wisesia',6,16,'2017-11-29 22:16:39',1,57.2000,57.2000),(477,'wisesia',6,19,'2017-11-29 22:16:39',1,86.4000,86.4000),(476,'wisesia',5,11,'2017-11-29 22:16:07',1,86.4000,86.4000),(475,'wisesia',5,28,'2017-11-29 22:16:07',1,86.4000,86.4000),(474,'wisesia',5,19,'2017-11-29 22:16:07',1,86.4000,86.4000),(473,'wisesia',5,25,'2017-11-29 22:16:07',1,86.4000,86.4000),(472,'wisesia',5,10,'2017-11-29 22:16:07',1,50.0000,50.0000),(471,'wisesia',5,37,'2017-11-29 22:16:07',1,89.0000,89.0000),(470,'wisesia',5,17,'2017-11-29 22:16:07',1,58.0667,58.0667),(469,'wisesia',5,34,'2017-11-29 22:16:07',1,88.7111,88.7111),(468,'wisesia',5,37,'2017-11-29 22:16:07',1,89.0000,89.0000),(467,'wisesia',5,15,'2017-11-29 22:16:07',1,50.0000,50.0000),(466,'wisesia',5,15,'2017-11-29 22:15:38',1,94.8000,94.8000),(465,'wisesia',5,21,'2017-11-29 22:15:38',1,50.0000,50.0000),(464,'wisesia',5,32,'2017-11-29 22:15:38',1,57.2000,57.2000),(463,'wisesia',5,19,'2017-11-29 22:15:38',1,50.0000,50.0000),(462,'wisesia',5,16,'2017-11-29 22:15:38',1,50.0000,50.0000),(461,'wisesia',5,14,'2017-11-29 22:15:38',1,96.5333,96.5333),(460,'wisesia',5,34,'2017-11-29 22:15:38',1,50.0000,50.0000),(459,'wisesia',5,34,'2017-11-29 22:15:38',1,88.7111,88.7111),(458,'wisesia',5,20,'2017-11-29 22:15:38',1,97.0000,97.0000),(457,'wisesia',5,25,'2017-11-29 22:15:38',1,86.4000,86.4000),(456,'wisesia',6,32,'2017-11-29 22:15:10',1,57.2000,57.2000),(455,'wisesia',6,35,'2017-11-29 22:15:10',1,50.0000,50.0000),(454,'wisesia',6,24,'2017-11-29 22:15:10',1,86.4000,86.4000),(453,'wisesia',6,18,'2017-11-29 22:15:10',1,65.6000,65.6000),(452,'wisesia',6,10,'2017-11-29 22:15:10',1,50.0000,50.0000),(451,'wisesia',6,34,'2017-11-29 22:15:10',5,87.4400,0.0000),(450,'wisesia',6,34,'2017-11-29 22:15:10',4,87.4400,0.0000),(449,'wisesia',6,33,'2017-11-29 22:15:10',1,94.8000,94.8000),(448,'wisesia',6,34,'2017-11-29 22:15:10',2,50.0000,25.0000),(447,'wisesia',6,34,'2017-11-29 22:15:10',1,50.0000,50.0000),(446,'wisesia',6,21,'2017-11-29 22:15:10',2,50.0000,25.0000),(445,'wisesia',6,11,'2017-11-29 22:15:10',1,50.0000,50.0000),(444,'wisesia',5,28,'2017-11-29 22:11:21',1,86.4000,86.4000),(443,'wisesia',5,26,'2017-11-29 22:11:21',1,50.0000,50.0000),(442,'wisesia',5,24,'2017-11-29 22:11:21',1,86.4000,86.4000),(441,'wisesia',5,11,'2017-11-29 22:11:21',1,50.0000,50.0000),(440,'wisesia',5,25,'2017-11-29 22:11:21',1,94.8000,94.8000),(439,'wisesia',5,39,'2017-11-29 22:11:21',1,94.8000,94.8000),(438,'wisesia',5,17,'2017-11-29 22:11:21',1,50.0000,50.0000),(437,'wisesia',5,31,'2017-11-29 22:11:21',1,58.9333,58.9333),(436,'wisesia',5,12,'2017-11-29 22:11:21',1,50.0000,50.0000),(435,'wisesia',5,22,'2017-11-29 22:11:21',1,50.0000,50.0000),(434,'wisesia',6,27,'2017-11-29 22:09:58',1,50.0000,50.0000),(433,'wisesia',6,29,'2017-11-29 22:09:58',1,50.0000,50.0000),(432,'wisesia',6,16,'2017-11-29 22:09:58',1,65.6000,65.6000),(431,'wisesia',6,13,'2017-11-29 22:09:58',1,65.6000,65.6000),(430,'wisesia',6,35,'2017-11-29 22:09:58',1,50.0000,50.0000),(429,'wisesia',6,14,'2017-11-29 22:09:58',4,50.0000,0.0000),(428,'wisesia',6,22,'2017-11-29 22:09:58',1,94.8000,94.8000),(427,'wisesia',6,17,'2017-11-29 22:09:58',1,65.6000,65.6000),(426,'wisesia',6,17,'2017-11-29 22:09:58',2,50.0000,25.0000),(425,'wisesia',6,21,'2017-11-29 22:09:58',4,94.8000,0.0000),(424,'wisesia',5,28,'2017-11-29 22:00:07',1,50.0000,50.0000),(423,'wisesia',5,29,'2017-11-29 22:00:07',1,50.0000,50.0000),(422,'wisesia',5,24,'2017-11-29 22:00:07',1,94.8000,94.8000),(421,'wisesia',5,37,'2017-11-29 22:00:07',1,50.0000,50.0000),(420,'wisesia',5,34,'2017-11-29 22:00:07',1,95.8400,95.8400),(419,'wisesia',5,32,'2017-11-29 22:00:07',1,65.6000,65.6000),(418,'wisesia',5,11,'2017-11-29 22:00:07',1,94.8000,94.8000),(417,'wisesia',6,12,'2017-11-29 21:52:13',1,50.0000,50.0000),(416,'wisesia',6,19,'2017-11-29 21:52:13',1,50.0000,50.0000),(415,'wisesia',6,25,'2017-11-29 21:51:44',1,50.0000,50.0000),(414,'wisesia',6,17,'2017-11-29 21:51:44',1,50.0000,50.0000),(413,'wisesia',6,34,'2017-11-29 21:51:44',1,96.1000,96.1000),(412,'wisesia',6,11,'2017-11-29 21:51:44',1,50.0000,50.0000),(411,'wisesia',6,39,'2017-11-29 21:51:44',1,50.0000,50.0000),(410,'wisesia',6,21,'2017-11-29 21:51:44',1,50.0000,50.0000),(409,'wisesia',6,32,'2017-11-29 21:51:44',1,65.6000,65.6000),(408,'wisesia',6,36,'2017-11-29 21:51:44',1,65.6000,65.6000),(407,'wisesia',6,16,'2017-11-29 21:51:44',1,50.0000,50.0000),(406,'wisesia',6,37,'2017-11-29 21:51:44',2,50.0000,25.0000),(405,'wisesia',1,13,'2017-11-29 21:50:20',1,94.8000,94.8000),(404,'wisesia',1,39,'2017-11-29 21:50:20',2,94.8000,47.4000),(403,'wisesia',1,35,'2017-11-29 21:50:20',1,94.8000,94.8000),(402,'wisesia',1,17,'2017-11-29 21:50:20',1,50.0000,50.0000),(401,'wisesia',1,36,'2017-11-29 21:50:20',1,50.0000,50.0000),(400,'wisesia',1,20,'2017-11-29 21:50:20',2,50.0000,25.0000),(399,'wisesia',1,35,'2017-11-29 21:50:20',1,50.0000,50.0000),(398,'wisesia',1,32,'2017-11-29 21:50:20',1,94.8000,94.8000),(397,'wisesia',1,18,'2017-11-29 21:50:20',1,94.8000,94.8000),(396,'wisesia',1,16,'2017-11-29 21:50:20',1,50.0000,50.0000),(395,'bettertoday',5,31,'2017-11-29 20:22:24',1,67.3333,67.3333),(394,'bettertoday',5,27,'2017-11-29 20:22:24',1,50.0000,50.0000),(393,'a',9,20,'2017-11-29 12:51:08',1,97.4000,97.4000),(392,'a',1,31,'2017-11-29 12:49:13',1,96.5333,96.5333),(391,'a',1,36,'2017-11-29 12:48:12',1,94.8000,94.8000),(340,'bettertoday',6,34,'2017-11-29 12:31:43',1,50.0000,50.0000),(341,'bettertoday',6,34,'2017-11-29 12:33:10',2,50.0000,25.0000),(342,'bettertoday',6,23,'2017-11-29 12:38:52',1,70.8000,70.8000),(343,'bettertoday',6,22,'2017-11-29 12:38:52',1,50.0000,50.0000),(344,'bettertoday',6,13,'2017-11-29 12:38:52',1,50.0000,50.0000),(345,'bettertoday',6,17,'2017-11-29 12:38:52',1,50.0000,50.0000),(346,'bettertoday',6,33,'2017-11-29 12:38:52',1,70.8000,70.8000),(347,'bettertoday',6,24,'2017-11-29 12:38:52',1,50.0000,50.0000),(348,'bettertoday',6,19,'2017-11-29 12:38:52',1,70.8000,70.8000),(349,'bettertoday',6,17,'2017-11-29 12:38:52',1,70.8000,70.8000),(350,'bettertoday',6,25,'2017-11-29 12:38:52',1,50.0000,50.0000),(351,'bettertoday',6,30,'2017-11-29 12:38:52',1,70.8000,70.8000),(352,'bettertoday',6,18,'2017-11-29 12:39:16',1,70.8000,70.8000),(353,'bettertoday',6,21,'2017-11-29 12:39:16',1,70.8000,70.8000),(354,'bettertoday',6,33,'2017-11-29 12:39:16',1,65.6000,65.6000),(355,'bettertoday',6,21,'2017-11-29 12:39:16',1,70.8000,70.8000),(356,'bettertoday',6,30,'2017-11-29 12:39:16',1,50.0000,50.0000),(357,'bettertoday',6,13,'2017-11-29 12:39:16',1,50.0000,50.0000),(358,'bettertoday',6,18,'2017-11-29 12:39:16',1,50.0000,50.0000),(359,'bettertoday',6,14,'2017-11-29 12:39:16',1,70.8000,70.8000),(360,'bettertoday',6,17,'2017-11-29 12:39:16',1,65.6000,65.6000),(361,'bettertoday',6,34,'2017-11-29 12:39:16',1,50.0000,50.0000),(362,'bettertoday',6,39,'2017-11-29 12:39:41',1,50.0000,50.0000),(363,'bettertoday',6,15,'2017-11-29 12:39:41',1,70.8000,70.8000),(364,'bettertoday',6,21,'2017-11-29 12:39:41',1,50.0000,50.0000),(365,'bettertoday',6,18,'2017-11-29 12:39:41',1,65.6000,65.6000),(366,'bettertoday',6,33,'2017-11-29 12:39:41',1,65.6000,65.6000),(367,'bettertoday',6,23,'2017-11-29 12:39:41',1,65.6000,65.6000),(368,'bettertoday',6,24,'2017-11-29 12:39:41',1,50.0000,50.0000),(369,'bettertoday',6,19,'2017-11-29 12:39:41',1,65.6000,65.6000),(370,'bettertoday',6,15,'2017-11-29 12:39:41',1,50.0000,50.0000),(371,'bettertoday',6,32,'2017-11-29 12:39:41',1,70.8000,70.8000),(372,'bettertoday',6,18,'2017-11-29 12:40:04',1,50.0000,50.0000),(373,'bettertoday',6,37,'2017-11-29 12:40:04',1,50.0000,50.0000),(374,'bettertoday',6,32,'2017-11-29 12:40:04',1,65.6000,65.6000),(375,'bettertoday',6,36,'2017-11-29 12:40:04',1,70.8000,70.8000),(376,'bettertoday',6,11,'2017-11-29 12:40:04',1,50.0000,50.0000),(377,'bettertoday',6,14,'2017-11-29 12:40:04',1,65.6000,65.6000),(378,'bettertoday',6,15,'2017-11-29 12:40:04',1,65.6000,65.6000),(379,'bettertoday',6,13,'2017-11-29 12:40:04',1,65.6000,65.6000),(380,'bettertoday',6,23,'2017-11-29 12:40:04',1,50.0000,50.0000),(381,'bettertoday',6,22,'2017-11-29 12:40:04',1,50.0000,50.0000),(382,'bettertoday',6,16,'2017-11-29 12:40:27',1,50.0000,50.0000),(383,'bettertoday',6,31,'2017-11-29 12:40:27',1,50.0000,50.0000),(384,'bettertoday',6,33,'2017-11-29 12:40:27',1,50.0000,50.0000),(385,'bettertoday',6,28,'2017-11-29 12:40:27',1,50.0000,50.0000),(386,'bettertoday',6,20,'2017-11-29 12:40:27',1,70.8000,70.8000),(387,'bettertoday',6,36,'2017-11-29 12:40:27',1,65.6000,65.6000),(388,'bettertoday',6,34,'2017-11-29 12:40:27',1,67.3333,67.3333),(389,'bettertoday',6,31,'2017-11-29 12:40:27',1,100.0000,100.0000),(390,'bettertoday',6,13,'2017-11-29 12:40:27',1,65.6000,65.6000),(491,'wisesia',6,10,'2017-11-29 22:17:06',1,50.0000,50.0000),(492,'wisesia',6,14,'2017-11-29 22:17:06',1,88.1333,88.1333),(493,'wisesia',6,35,'2017-11-29 22:17:06',1,50.0000,50.0000),(494,'wisesia',6,25,'2017-11-29 22:17:06',1,50.0000,50.0000),(495,'wisesia',6,17,'2017-11-29 22:17:06',1,58.0667,58.0667),(496,'wisesia',6,38,'2017-11-29 22:17:06',1,50.0000,50.0000),(497,'wisesia',6,44,'2017-11-29 22:17:36',1,50.0000,50.0000),(498,'wisesia',6,15,'2017-11-29 22:17:36',1,86.4000,86.4000),(499,'wisesia',6,35,'2017-11-29 22:17:36',1,65.6000,65.6000),(500,'wisesia',6,24,'2017-11-29 22:17:36',1,50.0000,50.0000),(501,'wisesia',6,18,'2017-11-29 22:17:36',1,50.0000,50.0000),(502,'wisesia',6,33,'2017-11-29 22:17:36',1,94.8000,94.8000),(503,'wisesia',6,25,'2017-11-29 22:17:36',1,86.4000,86.4000),(504,'wisesia',6,13,'2017-11-29 22:17:36',1,50.0000,50.0000),(505,'wisesia',6,34,'2017-11-29 22:17:36',1,88.7111,88.7111),(506,'wisesia',6,28,'2017-11-29 22:17:36',1,50.0000,50.0000),(507,'wisesia',6,15,'2017-11-29 22:18:02',1,86.4000,86.4000),(508,'wisesia',6,27,'2017-11-29 22:18:02',1,50.0000,50.0000),(509,'wisesia',6,34,'2017-11-29 22:18:02',1,88.4800,88.4800),(510,'wisesia',6,34,'2017-11-29 22:18:02',1,88.4800,88.4800),(511,'wisesia',6,30,'2017-11-29 22:18:02',1,50.0000,50.0000),(512,'wisesia',6,39,'2017-11-29 22:18:02',1,50.0000,50.0000),(513,'wisesia',6,22,'2017-11-29 22:18:02',1,50.0000,50.0000),(514,'wisesia',6,31,'2017-11-29 22:18:02',1,50.0000,50.0000),(515,'wisesia',6,40,'2017-11-29 22:18:02',1,50.0000,50.0000),(516,'wisesia',6,37,'2017-11-29 22:18:02',1,88.1333,88.1333),(517,'wisesia',6,17,'2017-11-29 22:18:32',1,50.0000,50.0000),(518,'wisesia',6,38,'2017-11-29 22:18:32',1,50.0000,50.0000),(519,'wisesia',6,45,'2017-11-29 22:18:32',1,94.8000,94.8000),(520,'wisesia',6,17,'2017-11-29 22:18:32',1,57.9429,57.9429),(521,'wisesia',6,27,'2017-11-29 22:18:32',1,86.4000,86.4000),(522,'wisesia',6,20,'2017-11-29 22:18:32',1,88.6000,88.6000),(523,'wisesia',6,24,'2017-11-29 22:18:32',1,86.4000,86.4000),(524,'wisesia',6,18,'2017-11-29 22:18:32',1,65.6000,65.6000),(525,'wisesia',6,21,'2017-11-29 22:18:32',1,50.0000,50.0000),(526,'wisesia',6,42,'2017-11-29 22:18:32',3,50.0000,12.5000),(527,'wisesia',6,34,'2017-11-29 22:19:56',1,88.1333,88.1333),(528,'wisesia',6,29,'2017-11-29 22:19:56',1,86.4000,86.4000),(529,'wisesia',6,36,'2017-11-29 22:19:56',1,50.0000,50.0000),(530,'wisesia',6,31,'2017-11-29 22:19:56',1,58.2400,58.2400),(531,'wisesia',6,11,'2017-11-29 22:19:56',1,50.0000,50.0000),(532,'wisesia',6,12,'2017-11-29 22:19:56',1,50.0000,50.0000),(533,'wisesia',6,34,'2017-11-29 22:19:56',1,88.1333,88.1333),(534,'wisesia',6,36,'2017-11-29 22:19:56',1,65.6000,65.6000),(535,'wisesia',6,26,'2017-11-29 22:19:56',1,91.6000,91.6000),(536,'wisesia',6,45,'2017-11-29 22:19:56',1,50.0000,50.0000),(537,'bettertoday',5,48,'2017-11-29 22:20:20',1,50.0000,50.0000),(538,'bettertoday',5,37,'2017-11-29 22:20:20',1,87.7000,87.7000),(539,'bettertoday',5,12,'2017-11-29 22:20:20',1,86.4000,86.4000),(540,'bettertoday',5,22,'2017-11-29 22:20:20',1,86.4000,86.4000),(541,'bettertoday',5,29,'2017-11-29 22:20:20',1,50.0000,50.0000),(542,'bettertoday',5,30,'2017-11-29 22:20:20',1,94.8000,94.8000),(543,'bettertoday',5,35,'2017-11-29 22:20:20',1,65.6000,65.6000),(544,'bettertoday',5,31,'2017-11-29 22:20:20',1,58.2400,58.2400),(545,'bettertoday',5,33,'2017-11-29 22:20:20',1,94.8000,94.8000),(546,'bettertoday',5,36,'2017-11-29 22:20:20',1,50.0000,50.0000),(547,'wisesia',6,22,'2017-11-29 22:20:24',1,50.0000,50.0000),(548,'wisesia',6,22,'2017-11-29 22:20:24',1,86.4000,86.4000),(549,'wisesia',6,41,'2017-11-29 22:20:24',1,94.8000,94.8000),(550,'wisesia',6,36,'2017-11-29 22:20:24',1,65.6000,65.6000),(551,'wisesia',6,21,'2017-11-29 22:20:24',1,87.8857,87.8857),(552,'wisesia',6,17,'2017-11-29 22:20:24',1,57.7778,57.7778),(553,'wisesia',6,21,'2017-11-29 22:20:24',1,87.8857,87.8857),(554,'wisesia',6,40,'2017-11-29 22:20:24',1,94.8000,94.8000),(555,'wisesia',6,42,'2017-11-29 22:20:24',1,50.0000,50.0000),(556,'wisesia',6,24,'2017-11-29 22:20:24',1,50.0000,50.0000),(557,'bettertoday',6,18,'2017-11-29 22:20:48',1,65.6000,65.6000),(558,'bettertoday',6,34,'2017-11-29 22:20:48',1,50.0000,50.0000),(559,'bettertoday',6,22,'2017-11-29 22:20:48',1,86.4000,86.4000),(560,'bettertoday',6,47,'2017-11-29 22:20:48',1,50.0000,50.0000),(561,'bettertoday',6,13,'2017-11-29 22:20:48',1,65.6000,65.6000),(562,'bettertoday',6,34,'2017-11-29 22:20:48',1,87.8857,87.8857),(563,'bettertoday',6,28,'2017-11-29 22:20:48',1,86.4000,86.4000),(564,'bettertoday',6,31,'2017-11-29 22:20:48',1,58.0667,58.0667),(565,'bettertoday',6,35,'2017-11-29 22:20:48',1,57.2000,57.2000),(566,'bettertoday',6,20,'2017-11-29 22:20:48',1,50.0000,50.0000),(567,'bettertoday',6,24,'2017-11-29 22:20:51',1,86.4000,86.4000),(568,'wisesia',6,28,'2017-11-29 22:20:59',1,50.0000,50.0000),(569,'wisesia',6,24,'2017-11-29 22:20:59',1,50.0000,50.0000),(570,'wisesia',6,30,'2017-11-29 22:20:59',1,50.0000,50.0000),(571,'wisesia',6,37,'2017-11-29 22:20:59',1,87.7000,87.7000),(572,'wisesia',6,10,'2017-11-29 22:20:59',1,86.4000,86.4000),(573,'wisesia',6,42,'2017-11-29 22:20:59',1,97.4000,97.4000),(574,'wisesia',6,33,'2017-11-29 22:20:59',1,86.4000,86.4000),(575,'wisesia',6,20,'2017-11-29 22:20:59',2,87.7333,43.8667),(576,'wisesia',6,40,'2017-11-29 22:20:59',1,50.0000,50.0000),(577,'wisesia',6,39,'2017-11-29 22:20:59',2,86.4000,43.2000),(578,'wisesia',6,34,'2017-11-29 22:22:51',1,87.7000,87.7000),(579,'wisesia',6,20,'2017-11-29 22:22:51',2,88.0800,44.0400),(580,'wisesia',6,42,'2017-11-29 22:22:51',1,96.5333,96.5333),(581,'wisesia',6,19,'2017-11-29 22:22:51',1,50.0000,50.0000),(582,'wisesia',6,24,'2017-11-29 22:22:51',1,86.4000,86.4000),(583,'wisesia',6,48,'2017-11-29 22:22:51',4,91.6000,0.0000),(584,'wisesia',6,48,'2017-11-29 22:22:51',5,91.6000,0.0000),(585,'wisesia',6,9,'2017-11-29 22:22:51',2,50.0000,25.0000),(586,'wisesia',6,27,'2017-11-29 22:22:51',1,50.0000,50.0000),(587,'wisesia',6,27,'2017-11-29 22:22:51',1,86.4000,86.4000),(588,'wisesia',6,33,'2017-11-29 22:22:51',1,50.0000,50.0000),(589,'wisesia',6,23,'2017-11-29 22:23:22',1,94.8000,94.8000),(590,'wisesia',6,33,'2017-11-29 22:23:22',2,86.4000,43.2000),(591,'wisesia',6,9,'2017-11-29 22:23:22',1,100.0000,100.0000),(592,'wisesia',6,24,'2017-11-29 22:23:22',1,86.4000,86.4000),(593,'wisesia',6,43,'2017-11-29 22:23:22',1,50.0000,50.0000),(594,'wisesia',6,48,'2017-11-29 22:23:22',1,91.6000,91.6000),(595,'wisesia',6,16,'2017-11-29 22:23:22',1,50.0000,50.0000),(596,'wisesia',6,14,'2017-11-29 22:23:22',1,50.0000,50.0000),(597,'wisesia',6,39,'2017-11-29 22:23:22',1,50.0000,50.0000),(598,'wisesia',6,22,'2017-11-29 22:23:22',1,50.0000,50.0000),(599,'wisesia',6,39,'2017-11-29 22:23:53',1,87.2667,87.2667),(600,'wisesia',6,31,'2017-11-29 22:23:53',1,57.9429,57.9429),(601,'wisesia',6,23,'2017-11-29 22:23:53',1,94.8000,94.8000),(602,'wisesia',6,19,'2017-11-29 22:23:53',1,86.4000,86.4000),(603,'wisesia',6,40,'2017-11-29 22:23:53',1,94.8000,94.8000),(604,'wisesia',6,21,'2017-11-29 22:23:53',1,50.0000,50.0000),(605,'wisesia',6,39,'2017-11-29 22:23:53',1,50.0000,50.0000),(606,'wisesia',6,14,'2017-11-29 22:23:53',1,87.4400,87.4400),(607,'wisesia',6,23,'2017-11-29 22:23:53',1,50.0000,50.0000),(608,'wisesia',6,10,'2017-11-29 22:23:53',1,50.0000,50.0000),(609,'wisesia',6,35,'2017-11-29 22:24:19',1,50.0000,50.0000),(610,'wisesia',6,36,'2017-11-29 22:24:19',1,57.2000,57.2000),(611,'wisesia',6,44,'2017-11-29 22:24:19',1,94.8000,94.8000),(612,'wisesia',6,39,'2017-11-29 22:24:19',1,87.0500,87.0500),(613,'wisesia',6,42,'2017-11-29 22:24:19',1,50.0000,50.0000),(614,'wisesia',6,48,'2017-11-29 22:24:19',1,89.8667,89.8667),(615,'wisesia',6,34,'2017-11-29 22:24:19',1,87.6235,87.6235),(616,'wisesia',6,31,'2017-11-29 22:24:19',1,50.0000,50.0000),(617,'wisesia',6,37,'2017-11-29 22:24:19',1,87.4400,87.4400),(618,'wisesia',6,38,'2017-11-29 22:24:19',1,50.0000,50.0000),(619,'wisesia',6,41,'2017-11-29 22:24:45',1,94.8000,94.8000),(620,'wisesia',6,43,'2017-11-29 22:24:45',1,50.0000,50.0000),(621,'wisesia',6,21,'2017-11-29 22:24:45',1,87.4400,87.4400),(622,'wisesia',6,37,'2017-11-29 22:24:45',1,87.2667,87.2667),(623,'wisesia',6,25,'2017-11-29 22:24:45',1,86.4000,86.4000),(624,'wisesia',6,38,'2017-11-29 22:24:45',1,50.0000,50.0000),(625,'wisesia',6,32,'2017-11-29 22:24:45',1,57.2000,57.2000),(626,'wisesia',6,47,'2017-11-29 22:24:45',1,94.8000,94.8000),(627,'wisesia',6,39,'2017-11-29 22:24:45',1,86.9778,86.9778),(628,'wisesia',6,32,'2017-11-29 22:24:45',1,50.0000,50.0000),(629,'wisesia',6,25,'2017-11-29 22:25:50',1,50.0000,50.0000),(630,'wisesia',6,15,'2017-11-29 22:25:50',2,50.0000,25.0000),(631,'wisesia',6,42,'2017-11-29 22:25:50',2,95.8400,47.9200),(632,'wisesia',6,32,'2017-11-29 22:25:50',1,57.2000,57.2000),(633,'wisesia',6,24,'2017-11-29 22:25:50',1,50.0000,50.0000),(634,'wisesia',6,34,'2017-11-29 22:25:50',1,87.5556,87.5556),(635,'wisesia',6,51,'2017-11-29 22:25:50',3,50.0000,12.5000),(636,'wisesia',6,38,'2017-11-29 22:25:50',1,50.0000,50.0000),(637,'wisesia',6,26,'2017-11-29 22:25:50',1,86.4000,86.4000),(638,'wisesia',6,31,'2017-11-29 22:25:50',1,50.0000,50.0000),(639,'wisesia',6,40,'2017-11-29 22:26:20',1,94.8000,94.8000),(640,'wisesia',6,23,'2017-11-29 22:26:20',1,94.8000,94.8000),(641,'wisesia',6,42,'2017-11-29 22:26:20',1,50.0000,50.0000),(642,'wisesia',6,39,'2017-11-29 22:26:20',1,86.9200,86.9200),(643,'wisesia',6,38,'2017-11-29 22:26:20',1,50.0000,50.0000),(644,'wisesia',6,12,'2017-11-29 22:26:20',1,86.4000,86.4000),(645,'wisesia',6,21,'2017-11-29 22:26:20',1,87.3455,87.3455),(646,'wisesia',6,22,'2017-11-29 22:26:20',1,86.4000,86.4000),(647,'wisesia',6,17,'2017-11-29 22:26:20',1,50.0000,50.0000),(648,'wisesia',6,10,'2017-11-29 22:26:20',1,86.4000,86.4000),(649,'wisesia',6,33,'2017-11-29 22:27:01',1,86.9200,86.9200),(650,'wisesia',6,31,'2017-11-29 22:27:01',1,57.7200,57.7200),(651,'wisesia',6,26,'2017-11-29 22:27:01',1,50.0000,50.0000),(652,'wisesia',6,13,'2017-11-29 22:27:01',1,65.6000,65.6000),(653,'wisesia',6,15,'2017-11-29 22:27:01',1,87.2667,87.2667),(654,'wisesia',6,34,'2017-11-29 22:27:01',1,50.0000,50.0000),(655,'wisesia',6,17,'2017-11-29 22:27:01',1,57.6727,57.6727),(656,'wisesia',6,48,'2017-11-29 22:27:01',1,89.0000,89.0000),(657,'wisesia',6,45,'2017-11-29 22:27:01',1,50.0000,50.0000),(658,'wisesia',6,20,'2017-11-29 22:27:01',1,88.6000,88.6000),(659,'wisesia',6,14,'2017-11-29 22:27:42',1,87.2667,87.2667),(660,'wisesia',6,19,'2017-11-29 22:27:42',1,50.0000,50.0000),(661,'wisesia',6,49,'2017-11-29 22:27:42',1,50.0000,50.0000),(662,'wisesia',6,27,'2017-11-29 22:27:42',1,50.0000,50.0000),(663,'wisesia',6,21,'2017-11-29 22:27:42',1,87.2667,87.2667),(664,'wisesia',6,16,'2017-11-29 22:27:42',1,50.0000,50.0000),(665,'wisesia',6,26,'2017-11-29 22:27:42',1,50.0000,50.0000),(666,'wisesia',6,39,'2017-11-29 22:27:42',1,86.8727,86.8727),(667,'wisesia',6,12,'2017-11-29 22:27:42',1,86.4000,86.4000),(668,'wisesia',6,48,'2017-11-29 22:27:42',1,88.4800,88.4800),(669,'wisesia',6,41,'2017-11-29 22:28:13',1,50.0000,50.0000),(670,'wisesia',6,34,'2017-11-29 22:28:13',1,50.0000,50.0000),(671,'wisesia',6,20,'2017-11-29 22:28:13',1,88.2286,88.2286),(672,'wisesia',6,38,'2017-11-29 22:28:13',1,94.8000,94.8000),(673,'wisesia',6,42,'2017-11-29 22:28:13',1,96.2857,96.2857),(674,'wisesia',6,46,'2017-11-29 22:28:13',1,50.0000,50.0000),(675,'wisesia',6,23,'2017-11-29 22:28:13',1,94.8000,94.8000),(676,'wisesia',6,9,'2017-11-29 22:28:13',2,50.0000,25.0000),(677,'wisesia',6,11,'2017-11-29 22:28:13',1,86.4000,86.4000),(678,'wisesia',6,21,'2017-11-29 22:28:13',1,50.0000,50.0000),(679,'wisesia',6,33,'2017-11-29 22:28:45',1,86.8727,86.8727),(680,'wisesia',6,22,'2017-11-29 22:28:45',1,86.4000,86.4000),(681,'wisesia',6,30,'2017-11-29 22:28:45',1,50.0000,50.0000),(682,'wisesia',6,20,'2017-11-29 22:28:45',1,87.9500,87.9500),(683,'wisesia',6,21,'2017-11-29 22:28:45',1,87.1429,87.1429),(684,'wisesia',6,15,'2017-11-29 22:28:45',1,50.0000,50.0000),(685,'wisesia',6,23,'2017-11-29 22:28:45',1,94.8000,94.8000),(686,'wisesia',6,49,'2017-11-29 22:28:45',1,50.0000,50.0000),(687,'wisesia',6,39,'2017-11-29 22:28:45',1,86.8333,86.8333),(688,'wisesia',6,22,'2017-11-29 22:28:45',1,50.0000,50.0000),(689,'wisesia',6,26,'2017-11-29 22:29:27',1,86.4000,86.4000),(690,'wisesia',6,28,'2017-11-29 22:29:27',2,86.4000,43.2000),(691,'wisesia',6,23,'2017-11-29 22:29:27',1,94.8000,94.8000),(692,'wisesia',6,48,'2017-11-29 22:29:27',1,50.0000,50.0000),(693,'wisesia',6,34,'2017-11-29 22:29:27',1,87.3905,87.3905),(694,'wisesia',6,47,'2017-11-29 22:29:27',1,94.8000,94.8000),(695,'wisesia',6,21,'2017-11-29 22:29:27',1,87.0933,87.0933),(696,'wisesia',6,44,'2017-11-29 22:29:27',1,94.8000,94.8000),(697,'wisesia',6,28,'2017-11-29 22:29:27',3,50.0000,12.5000),(698,'wisesia',6,9,'2017-11-29 22:29:27',1,98.2667,98.2667),(699,'wisesia',6,18,'2017-11-29 22:30:04',1,65.6000,65.6000),(700,'wisesia',6,9,'2017-11-29 22:30:04',1,97.4000,97.4000),(701,'wisesia',6,33,'2017-11-29 22:30:04',2,86.8333,43.4167),(702,'wisesia',6,24,'2017-11-29 22:30:04',1,50.0000,50.0000),(703,'wisesia',6,11,'2017-11-29 22:30:04',1,50.0000,50.0000),(704,'wisesia',6,14,'2017-11-29 22:30:04',1,50.0000,50.0000),(705,'wisesia',6,18,'2017-11-29 22:30:04',1,65.6000,65.6000),(706,'wisesia',6,34,'2017-11-29 22:30:04',1,87.3455,87.3455),(707,'wisesia',6,19,'2017-11-29 22:30:04',1,86.4000,86.4000),(708,'wisesia',6,16,'2017-11-29 22:30:04',1,50.0000,50.0000),(709,'wisesia',6,13,'2017-11-29 22:30:54',1,65.6000,65.6000),(710,'wisesia',6,21,'2017-11-29 22:30:54',1,50.0000,50.0000),(711,'wisesia',6,41,'2017-11-29 22:30:54',1,50.0000,50.0000),(712,'wisesia',6,46,'2017-11-29 22:30:54',1,50.0000,50.0000),(713,'wisesia',6,33,'2017-11-29 22:30:54',1,50.0000,50.0000),(714,'wisesia',6,40,'2017-11-29 22:30:54',1,94.8000,94.8000),(715,'wisesia',6,17,'2017-11-29 22:30:54',1,57.6333,57.6333),(716,'wisesia',6,44,'2017-11-29 22:30:54',1,50.0000,50.0000),(717,'wisesia',6,29,'2017-11-29 22:30:54',1,86.4000,86.4000),(718,'wisesia',6,31,'2017-11-29 22:30:54',1,57.6727,57.6727),(719,'wisesia',6,45,'2017-11-29 22:36:43',1,94.8000,94.8000),(720,'wisesia',6,21,'2017-11-29 22:36:43',1,50.0000,50.0000),(721,'wisesia',6,24,'2017-11-29 22:36:43',1,50.0000,50.0000),(722,'wisesia',6,43,'2017-11-29 22:36:43',1,50.0000,50.0000),(723,'wisesia',6,40,'2017-11-29 22:36:43',1,50.0000,50.0000),(724,'wisesia',6,20,'2017-11-29 22:36:43',1,87.7333,87.7333),(725,'wisesia',6,26,'2017-11-29 22:36:43',1,86.4000,86.4000),(726,'wisesia',6,36,'2017-11-29 22:36:43',1,50.0000,50.0000),(727,'wisesia',6,38,'2017-11-29 22:36:43',1,94.8000,94.8000),(728,'wisesia',6,44,'2017-11-29 22:36:43',1,50.0000,50.0000),(729,'wisesia',6,59,'2017-11-29 22:37:40',1,50.0000,50.0000),(730,'wisesia',6,50,'2017-11-29 22:37:40',2,50.0000,25.0000),(731,'wisesia',6,19,'2017-11-29 22:37:40',1,86.4000,86.4000),(732,'wisesia',6,46,'2017-11-29 22:37:40',1,94.8000,94.8000),(733,'wisesia',6,19,'2017-11-29 22:37:40',1,50.0000,50.0000),(734,'wisesia',6,21,'2017-11-29 22:37:40',2,50.0000,25.0000),(735,'wisesia',6,28,'2017-11-29 22:37:40',3,50.0000,12.5000),(736,'wisesia',6,32,'2017-11-29 22:37:40',1,50.0000,50.0000),(737,'wisesia',6,21,'2017-11-29 22:37:40',1,86.9778,86.9778),(738,'wisesia',6,10,'2017-11-29 22:37:40',1,50.0000,50.0000),(739,'wisesia',6,31,'2017-11-29 22:39:44',1,50.0000,50.0000),(740,'wisesia',6,14,'2017-11-29 22:39:44',1,50.0000,50.0000),(741,'wisesia',6,36,'2017-11-29 22:39:44',1,57.2000,57.2000),(742,'wisesia',6,48,'2017-11-29 22:39:44',1,50.0000,50.0000),(743,'wisesia',6,14,'2017-11-29 22:39:44',1,87.0500,87.0500),(744,'wisesia',6,17,'2017-11-29 22:39:44',1,57.6000,57.6000),(745,'wisesia',6,54,'2017-11-29 22:39:44',1,50.0000,50.0000),(746,'wisesia',6,15,'2017-11-29 22:39:44',1,87.0500,87.0500),(747,'wisesia',6,47,'2017-11-29 22:39:44',1,94.8000,94.8000),(748,'wisesia',6,56,'2017-11-29 22:39:44',4,50.0000,0.0000),(749,'wisesia',6,40,'2017-11-29 22:40:13',1,94.8000,94.8000),(750,'wisesia',6,36,'2017-11-29 22:40:13',1,50.0000,50.0000),(751,'wisesia',6,44,'2017-11-29 22:40:13',1,94.8000,94.8000),(752,'wisesia',6,46,'2017-11-29 22:40:13',1,50.0000,50.0000),(753,'wisesia',6,51,'2017-11-29 22:40:13',2,100.0000,50.0000),(754,'wisesia',6,17,'2017-11-29 22:40:13',1,57.5714,57.5714),(755,'wisesia',6,31,'2017-11-29 22:40:13',1,57.6000,57.6000),(756,'wisesia',6,35,'2017-11-29 22:40:13',1,57.2000,57.2000),(757,'wisesia',6,21,'2017-11-29 22:40:13',1,87.1800,87.1800),(758,'wisesia',6,48,'2017-11-29 22:40:13',1,87.7000,87.7000),(759,'wisesia',6,45,'2017-11-29 22:40:36',1,94.8000,94.8000),(760,'wisesia',6,39,'2017-11-29 22:40:36',1,86.8000,86.8000),(761,'wisesia',6,24,'2017-11-29 22:40:36',1,50.0000,50.0000),(762,'wisesia',6,38,'2017-11-29 22:40:36',1,50.0000,50.0000),(763,'wisesia',6,43,'2017-11-29 22:40:36',1,94.8000,94.8000),(764,'wisesia',6,41,'2017-11-29 22:40:36',1,94.8000,94.8000),(765,'wisesia',6,56,'2017-11-29 22:40:36',1,50.0000,50.0000),(766,'wisesia',6,21,'2017-11-29 22:40:36',1,50.0000,50.0000),(767,'wisesia',6,38,'2017-11-29 22:40:36',1,94.8000,94.8000),(768,'wisesia',6,46,'2017-11-29 22:40:36',1,50.0000,50.0000),(769,'wisesia',6,35,'2017-11-29 22:41:03',1,50.0000,50.0000),(770,'wisesia',6,25,'2017-11-29 22:41:03',1,86.4000,86.4000),(771,'wisesia',6,21,'2017-11-29 22:41:03',1,50.0000,50.0000),(772,'wisesia',6,60,'2017-11-29 22:41:03',1,50.0000,50.0000),(773,'wisesia',6,36,'2017-11-29 22:41:03',2,57.2000,28.6000),(774,'wisesia',6,10,'2017-11-29 22:41:03',1,86.4000,86.4000),(775,'wisesia',6,21,'2017-11-29 22:41:03',1,87.1091,87.1091),(776,'wisesia',6,30,'2017-11-29 22:41:03',1,50.0000,50.0000),(777,'wisesia',6,61,'2017-11-29 22:41:03',1,50.0000,50.0000),(778,'bettertoday',6,25,'2017-11-29 22:58:38',1,86.4000,86.4000),(779,'bettertoday',6,14,'2017-11-29 22:58:38',1,86.9200,86.9200),(780,'bettertoday',6,28,'2017-11-29 22:58:38',1,88.6286,88.6286),(781,'bettertoday',6,35,'2017-11-29 22:58:38',1,57.2000,57.2000),(782,'bettertoday',6,13,'2017-11-29 22:58:38',1,50.0000,50.0000),(783,'bettertoday',6,26,'2017-11-29 22:58:38',1,50.0000,50.0000),(784,'bettertoday',6,63,'2017-11-29 22:58:38',1,50.0000,50.0000),(785,'bettertoday',6,14,'2017-11-29 22:58:38',1,50.0000,50.0000),(786,'bettertoday',6,31,'2017-11-29 22:58:38',1,57.5714,57.5714),(787,'bettertoday',6,31,'2017-11-29 22:58:38',1,57.5714,57.5714),(788,'bettertoday',6,41,'2017-11-29 22:59:13',1,94.8000,94.8000),(789,'bettertoday',6,52,'2017-11-29 22:59:13',1,50.0000,50.0000),(790,'bettertoday',6,20,'2017-11-29 22:59:13',1,87.5600,87.5600),(791,'bettertoday',6,16,'2017-11-29 22:59:13',1,50.0000,50.0000),(792,'bettertoday',6,24,'2017-11-29 22:59:13',1,50.0000,50.0000),(793,'bettertoday',6,11,'2017-11-29 22:59:13',1,86.4000,86.4000),(794,'bettertoday',6,20,'2017-11-29 22:59:13',1,87.5600,87.5600),(795,'bettertoday',6,13,'2017-11-29 22:59:13',1,65.6000,65.6000),(796,'bettertoday',6,46,'2017-11-29 22:59:13',1,50.0000,50.0000),(797,'bettertoday',6,48,'2017-11-29 22:59:13',1,87.5556,87.5556),(798,'bettertoday',6,35,'2017-11-29 22:59:28',1,57.2000,57.2000),(799,'bettertoday',6,18,'2017-11-29 22:59:28',1,65.6000,65.6000),(800,'bettertoday',6,65,'2017-11-29 22:59:28',1,50.0000,50.0000),(801,'bettertoday',6,13,'2017-11-29 22:59:28',1,65.6000,65.6000),(802,'bettertoday',6,21,'2017-11-29 22:59:28',1,50.0000,50.0000),(803,'bettertoday',6,55,'2017-11-30 11:34:37',1,50.0000,50.0000),(804,'bettertoday',6,15,'2017-11-30 11:40:12',1,86.9778,86.9778),(805,'bettertoday',6,12,'2017-11-30 11:40:12',1,86.4000,86.4000),(806,'bettertoday',6,67,'2017-11-30 11:40:12',1,50.0000,50.0000),(807,'bettertoday',6,66,'2017-11-30 11:40:12',2,50.0000,25.0000);
/*!40000 ALTER TABLE `member_word_history` ENABLE KEYS */;
UNLOCK TABLES;

--
-- Temporary table structure for view `question_correct_by_level`
--

DROP TABLE IF EXISTS `question_correct_by_level`;
/*!50001 DROP VIEW IF EXISTS `question_correct_by_level`*/;
SET @saved_cs_client     = @@character_set_client;
SET character_set_client = utf8;
/*!50001 CREATE TABLE `question_correct_by_level` (
  `question_id` int(11),
  `member_level` int(11),
  `try_sum` bigint(21),
  `try_1st` bigint(21),
  `ratio_1st` decimal(27,4)
) ENGINE=MyISAM */;
SET character_set_client = @saved_cs_client;

--
-- Table structure for table `questions`
--

DROP TABLE IF EXISTS `questions`;
/*!40101 SET @saved_cs_client     = @@character_set_client */;
/*!40101 SET character_set_client = utf8 */;
CREATE TABLE `questions` (
  `question_id` int(11) NOT NULL AUTO_INCREMENT,
  `date_created` datetime NOT NULL,
  `creator_id` varchar(12) NOT NULL COMMENT '등록자',
  `word` varchar(45) NOT NULL,
  `selection1` varchar(45) NOT NULL,
  `selection2` varchar(45) NOT NULL,
  `selection3` varchar(45) NOT NULL,
  `selection4` varchar(45) NOT NULL,
  `answer` int(11) NOT NULL,
  `weight` decimal(7,4) NOT NULL DEFAULT '50.0000',
  `status` int(11) NOT NULL DEFAULT '1',
  PRIMARY KEY (`question_id`),
  KEY `fk_creator_id_idx` (`creator_id`)
) ENGINE=MyISAM AUTO_INCREMENT=72 DEFAULT CHARSET=utf8;
/*!40101 SET character_set_client = @saved_cs_client */;

--
-- Dumping data for table `questions`
--

LOCK TABLES `questions` WRITE;
/*!40000 ALTER TABLE `questions` DISABLE KEYS */;
INSERT INTO `questions` VALUES (25,'2017-11-29 00:14:42','bettertoday','쉬다, 휴식을 취하다','take a vacation','take a break','take a trip','take care',2,50.0000,1),(9,'2017-11-28 23:39:37','bettertoday','도망가다','take a break','look for','get away','find out',3,50.0000,1),(10,'2017-11-28 23:40:28','bettertoday','서식지','home','habitat','trap','coast',2,50.0000,1),(11,'2017-11-28 23:41:18','bettertoday','충분한','endangered','flood','surprised','enough',4,50.0000,1),(12,'2017-11-28 23:42:29','bettertoday','덫','trap','trick','treat','add',1,50.0000,1),(13,'2017-11-28 23:43:19','bettertoday','~을 뜻하다, 의미하다','mean','become','find out','check',1,50.0000,1),(14,'2017-11-28 23:44:16','bettertoday','두다, 놓다','trap','bring','take','lay',4,50.0000,1),(15,'2017-11-28 23:45:17','bettertoday','홍수','fleet','blood','flood','abundant',3,50.0000,1),(16,'2017-11-28 23:46:37','bettertoday','(짐승의) 털','heir','fur','pearl','for',2,50.0000,1),(17,'2017-11-28 23:47:56','bettertoday','마지막의','midst','latest','first','last',4,50.0000,1),(18,'2017-11-28 23:48:39','bettertoday','먹이감','prey','pray','play','pry',1,50.0000,1),(19,'2017-11-28 23:49:28','bettertoday','바닷가, 해안','riverside','ocean','sea','coast',4,50.0000,1),(20,'2017-11-28 23:50:16','bettertoday','알아내다, 발견하다','check out','find out','search for','hunt',2,50.0000,1),(21,'2017-11-28 23:51:10','bettertoday','멸종 위기에 처한',' enabled','enlarged','endangered','enlisted',3,50.0000,1),(22,'2017-11-28 23:51:59','bettertoday','(국가의) 정부','government','govenment','gavernment','gobernment',1,50.0000,1),(23,'2017-11-28 23:52:44','bettertoday','사냥하다','hunt','find out','search for','check out',1,50.0000,1),(24,'2017-11-28 23:53:45','bettertoday','위험','warning','attention','watch out','danger',4,50.0000,1),(26,'2017-11-29 00:15:32','bettertoday','문제, 성가신일','trable','truble','travel','trouble',4,50.0000,1),(27,'2017-11-29 00:16:07','bettertoday','~ 옆에','by','on','under','bye',1,50.0000,1),(28,'2017-11-29 00:18:26','bettertoday','~을 찾다','get into','check out','look for','turn into',3,50.0000,1),(29,'2017-11-29 00:19:11','bettertoday','대개는, 보통은','usually','actually','really','finally',1,50.0000,1),(30,'2017-11-29 00:20:25','bettertoday','배고픈','angry','hungry','danger','poor',2,50.0000,1),(31,'2017-11-29 00:21:19','bettertoday','반드시 ~해야만 한다','really','cause','may','must',4,50.0000,1),(32,'2017-11-29 00:22:05','bettertoday','오염','pollution','polution','palution','poulution',1,50.0000,1),(33,'2017-11-29 00:22:53','bettertoday','발생시키다, 일으키다','turn out','happen','occur','cause',4,50.0000,1),(34,'2017-11-29 00:23:48','bettertoday','변하다','change','turn over','melt','surprise',1,50.0000,1),(35,'2017-11-29 00:25:11','bettertoday','녹다, 녹아내리다','melt','turn','soften','break',1,50.0000,1),(36,'2017-11-29 00:26:21','bettertoday','놀란','endangered','surprised','suspended','enabled',2,50.0000,1),(37,'2017-11-29 00:27:05','bettertoday','혼자, 홀로','along','align','alon','alone',4,50.0000,1),(38,'2017-11-29 00:27:36','bettertoday','오징어','squid','squad','skuid','skid',1,50.0000,1),(39,'2017-11-29 00:28:37','bettertoday','~ 때문에','bekose','because','becose','beecause',2,50.0000,1),(40,'2017-11-29 00:29:29','bettertoday','온도, 기온','temperature','tempareture','tenperature','tenpareture',1,50.0000,1),(41,'2017-11-29 22:10:48','bettertoday','설계하다','desine','design','dezine','dezign',2,50.0000,1),(42,'2017-11-29 22:11:27','bettertoday','방향','dairection','direktion','derection','direction',4,50.0000,1),(43,'2017-11-29 22:13:19','bettertoday','가장, 최고의','least','most','more','must',2,50.0000,1),(44,'2017-11-29 22:14:40','bettertoday','자라나다, 자라다','grow','become','big','glow',1,50.0000,1),(45,'2017-11-29 22:15:39','bettertoday','약, 약품','madison','medicine','madicine','medison',2,50.0000,1),(46,'2017-11-29 22:16:23','bettertoday','계산하다','calkulate','calcolate','calculate','calculeit',3,50.0000,1),(47,'2017-11-29 22:17:59','bettertoday','건강','health','wealth','stealth','tilt',1,50.0000,1),(48,'2017-11-29 22:18:32','bettertoday','건축가','archtact','architector','architecture','architect',4,50.0000,1),(49,'2017-11-29 22:23:13','bettertoday','폭풍','flood','rain','storm','earthquake',3,50.0000,1),(50,'2017-11-29 22:23:53','bettertoday','어디에나, 모든곳에','everywhere','everyone','anything','anyhow',1,50.0000,1),(51,'2017-11-29 22:24:28','bettertoday','중요한','importent','important','inportant','impotant',2,50.0000,1),(52,'2017-11-29 22:25:23','bettertoday','선택하다, 고르다','look','search','find','choose',4,50.0000,1),(53,'2017-11-29 22:26:37','bettertoday','양(수량)','amount','bottom','sheep','Miss',1,50.0000,1),(54,'2017-11-29 22:27:47','bettertoday','~와 함께 시작하다, 출발하다','leave for','start with','stop with','start to',2,50.0000,1),(55,'2017-11-29 22:28:43','bettertoday','경로, 길','park','passenger','path','pass',3,50.0000,1),(56,'2017-11-29 22:29:23','bettertoday','모으다, 모이다','gether','together','gather','togather',3,50.0000,1),(57,'2017-11-29 22:31:39','bettertoday','for here의 반대말','for there','to go','for go','for hire',2,50.0000,1),(58,'2017-11-29 22:33:23','bettertoday','주소','adress','addrass','address','addres',3,50.0000,1),(59,'2017-11-29 22:36:13','bettertoday','감사하다','appreciate','appreciete','appriceate','appreciata',1,50.0000,1),(60,'2017-11-29 22:37:44','bettertoday','합창단','quartet','orchestra','singers','choir',4,50.0000,1),(61,'2017-11-29 22:39:10','bettertoday','확대하다','enable','bigger','more','enlarge',4,50.0000,1),(62,'2017-11-29 22:39:57','bettertoday','부가적인,, 추가의','additional','exceptional','traditional','final',1,50.0000,1),(63,'2017-11-29 22:41:36','bettertoday','추가의, 여분의','half','addition','unnecessary','extra',4,50.0000,1),(64,'2017-11-29 22:42:20','bettertoday','마침내, 결국','neither','finally','for all','till the end',2,50.0000,1),(65,'2017-11-29 22:47:51','bettertoday','in half an hour','30분 전에','30분 안에','30분 후에','30분 밖에',2,50.0000,1),(66,'2017-11-29 22:51:29','bettertoday','A와 B 둘다 아니다','either A or B','either A nor B','neither A nor B','neither A or B',3,50.0000,1),(67,'2017-11-29 22:52:50','bettertoday','운동','exercise','excercise','exercize','axercise',1,50.0000,1),(68,'2017-11-29 22:54:54','bettertoday','used to + 동사','~에 적응하다','~을 하기위해 사용했다','~하곤 했다','~을 써버리다',3,50.0000,1),(69,'2017-11-29 22:56:01','bettertoday','냉장고','rifrigerator','refrigerater','rifrigerater','refrigerator',4,50.0000,1),(70,'2017-11-29 22:57:03','bettertoday','낭비하다, 허비하다','recycle','waste','throw out','hang out',2,50.0000,1),(71,'2017-11-29 22:57:49','bettertoday','거의','at the least','allmost','almost','mostly',3,50.0000,1);
/*!40000 ALTER TABLE `questions` ENABLE KEYS */;
UNLOCK TABLES;

--
-- Temporary table structure for view `questions_with_weight`
--

DROP TABLE IF EXISTS `questions_with_weight`;
/*!50001 DROP VIEW IF EXISTS `questions_with_weight`*/;
SET @saved_cs_client     = @@character_set_client;
SET character_set_client = utf8;
/*!50001 CREATE TABLE `questions_with_weight` (
  `question_id` int(11),
  `word` varchar(45),
  `selection1` varchar(45),
  `selection2` varchar(45),
  `selection3` varchar(45),
  `selection4` varchar(45),
  `answer` int(11),
  `date_created` datetime,
  `weight` decimal(41,7)
) ENGINE=MyISAM */;
SET character_set_client = @saved_cs_client;

--
-- Table structure for table `words_member`
--

DROP TABLE IF EXISTS `words_member`;
/*!40101 SET @saved_cs_client     = @@character_set_client */;
/*!40101 SET character_set_client = utf8 */;
CREATE TABLE `words_member` (
  `member_id` varchar(12) NOT NULL,
  `passwd` varchar(12) NOT NULL,
  `nickname` varchar(15) NOT NULL,
  `email` varchar(45) DEFAULT NULL,
  `date_created` date NOT NULL,
  `birth_year` year(4) NOT NULL,
  `member_level` int(11) NOT NULL DEFAULT '4',
  `status` int(11) NOT NULL DEFAULT '1',
  `can_make_question` int(11) NOT NULL DEFAULT '0',
  PRIMARY KEY (`member_id`)
) ENGINE=MyISAM DEFAULT CHARSET=utf8;
/*!40101 SET character_set_client = @saved_cs_client */;

--
-- Dumping data for table `words_member`
--

LOCK TABLES `words_member` WRITE;
/*!40000 ALTER TABLE `words_member` DISABLE KEYS */;
INSERT INTO `words_member` VALUES ('a','a','a','aa@aa','2017-11-28',2001,1,1,1),('bettertoday','kiss2893','bettertoday','bettertoday@gmail.com','2017-11-28',1971,6,1,1),('wisesia','sia1234567','sia','wisesia@gmail.com','2017-11-29',2007,6,1,0);
/*!40000 ALTER TABLE `words_member` ENABLE KEYS */;
UNLOCK TABLES;

--
-- Temporary table structure for view `words_member_with_score`
--

DROP TABLE IF EXISTS `words_member_with_score`;
/*!50001 DROP VIEW IF EXISTS `words_member_with_score`*/;
SET @saved_cs_client     = @@character_set_client;
SET character_set_client = utf8;
/*!50001 CREATE TABLE `words_member_with_score` (
  `member_id` varchar(12),
  `passwd` varchar(12),
  `can_make_question` int(11),
  `avg_30` decimal(11,8),
  `avg_31_to_60` decimal(11,8),
  `avg_61_to_90` decimal(11,8),
  `avg_91_plus` decimal(11,8)
) ENGINE=MyISAM */;
SET character_set_client = @saved_cs_client;

--
-- Final view structure for view `question_correct_by_level`
--

/*!50001 DROP TABLE IF EXISTS `question_correct_by_level`*/;
/*!50001 DROP VIEW IF EXISTS `question_correct_by_level`*/;
/*!50001 SET @saved_cs_client          = @@character_set_client */;
/*!50001 SET @saved_cs_results         = @@character_set_results */;
/*!50001 SET @saved_col_connection     = @@collation_connection */;
/*!50001 SET character_set_client      = utf8 */;
/*!50001 SET character_set_results     = utf8 */;
/*!50001 SET collation_connection      = utf8_unicode_ci */;
/*!50001 CREATE ALGORITHM=UNDEFINED */
/*!50013 DEFINER=`bettertoday`@`localhost` SQL SECURITY DEFINER */
/*!50001 VIEW `question_correct_by_level` AS select `mwh`.`question_id` AS `question_id`,`mwh`.`member_level` AS `member_level`,count(0) AS `try_sum`,(select count(0) from `member_word_history` `mwh2` where ((`mwh2`.`question_id` = `mwh`.`question_id`) and (`mwh2`.`member_level` = `mwh`.`member_level`) and (`mwh2`.`count_tried` = 1))) AS `try_1st`,(((select count(0) from `member_word_history` `mwh2` where ((`mwh2`.`question_id` = `mwh`.`question_id`) and (`mwh2`.`member_level` = `mwh`.`member_level`) and (`mwh2`.`count_tried` = 1))) / count(0)) * 100) AS `ratio_1st` from `member_word_history` `mwh` group by `mwh`.`question_id`,`mwh`.`member_level` */;
/*!50001 SET character_set_client      = @saved_cs_client */;
/*!50001 SET character_set_results     = @saved_cs_results */;
/*!50001 SET collation_connection      = @saved_col_connection */;

--
-- Final view structure for view `questions_with_weight`
--

/*!50001 DROP TABLE IF EXISTS `questions_with_weight`*/;
/*!50001 DROP VIEW IF EXISTS `questions_with_weight`*/;
/*!50001 SET @saved_cs_client          = @@character_set_client */;
/*!50001 SET @saved_cs_results         = @@character_set_results */;
/*!50001 SET @saved_col_connection     = @@collation_connection */;
/*!50001 SET character_set_client      = utf8 */;
/*!50001 SET character_set_results     = utf8 */;
/*!50001 SET collation_connection      = utf8_unicode_ci */;
/*!50001 CREATE ALGORITHM=UNDEFINED */
/*!50013 DEFINER=`bettertoday`@`localhost` SQL SECURITY DEFINER */
/*!50001 VIEW `questions_with_weight` AS select `qcbl`.`question_id` AS `question_id`,`q`.`word` AS `word`,`q`.`selection1` AS `selection1`,`q`.`selection2` AS `selection2`,`q`.`selection3` AS `selection3`,`q`.`selection4` AS `selection4`,`q`.`answer` AS `answer`,`q`.`date_created` AS `date_created`,(100 - ((((((((((coalesce((select `qcbl2`.`ratio_1st` from `question_correct_by_level` `qcbl2` where ((`qcbl`.`question_id` = `qcbl2`.`question_id`) and (`qcbl2`.`member_level` = 1))),0) * 0.292) * 1) + ((coalesce((select `qcbl2`.`ratio_1st` from `question_correct_by_level` `qcbl2` where ((`qcbl`.`question_id` = `qcbl2`.`question_id`) and (`qcbl2`.`member_level` = 2))),0) * 0.228) * 1)) + ((coalesce((select `qcbl2`.`ratio_1st` from `question_correct_by_level` `qcbl2` where ((`qcbl`.`question_id` = `qcbl2`.`question_id`) and (`qcbl2`.`member_level` = 3))),0) * 0.172) * 1)) + ((coalesce((select `qcbl2`.`ratio_1st` from `question_correct_by_level` `qcbl2` where ((`qcbl`.`question_id` = `qcbl2`.`question_id`) and (`qcbl2`.`member_level` = 4))),0) * 0.124) * 1)) + ((coalesce((select `qcbl2`.`ratio_1st` from `question_correct_by_level` `qcbl2` where ((`qcbl`.`question_id` = `qcbl2`.`question_id`) and (`qcbl2`.`member_level` = 5))),0) * 0.084) * 1)) + ((coalesce((select `qcbl2`.`ratio_1st` from `question_correct_by_level` `qcbl2` where ((`qcbl`.`question_id` = `qcbl2`.`question_id`) and (`qcbl2`.`member_level` = 6))),0) * 0.052) * 1)) + ((coalesce((select `qcbl2`.`ratio_1st` from `question_correct_by_level` `qcbl2` where ((`qcbl`.`question_id` = `qcbl2`.`question_id`) and (`qcbl2`.`member_level` = 7))),0) * 0.028) * 1)) + ((coalesce((select `qcbl2`.`ratio_1st` from `question_correct_by_level` `qcbl2` where ((`qcbl`.`question_id` = `qcbl2`.`question_id`) and (`qcbl2`.`member_level` = 8))),0) * 0.012) * 1)) + ((coalesce((select `qcbl2`.`ratio_1st` from `question_correct_by_level` `qcbl2` where ((`qcbl`.`question_id` = `qcbl2`.`question_id`) and (`qcbl2`.`member_level` = 9))),0) * 0.004) * 1))) AS `weight` from (`question_correct_by_level` `qcbl` join `questions` `q`) where (`qcbl`.`question_id` = `q`.`question_id`) group by `qcbl`.`question_id` */;
/*!50001 SET character_set_client      = @saved_cs_client */;
/*!50001 SET character_set_results     = @saved_cs_results */;
/*!50001 SET collation_connection      = @saved_col_connection */;

--
-- Final view structure for view `words_member_with_score`
--

/*!50001 DROP TABLE IF EXISTS `words_member_with_score`*/;
/*!50001 DROP VIEW IF EXISTS `words_member_with_score`*/;
/*!50001 SET @saved_cs_client          = @@character_set_client */;
/*!50001 SET @saved_cs_results         = @@character_set_results */;
/*!50001 SET @saved_col_connection     = @@collation_connection */;
/*!50001 SET character_set_client      = utf8 */;
/*!50001 SET character_set_results     = utf8 */;
/*!50001 SET collation_connection      = utf8_unicode_ci */;
/*!50001 CREATE ALGORITHM=UNDEFINED */
/*!50013 DEFINER=`bettertoday`@`localhost` SQL SECURITY DEFINER */
/*!50001 VIEW `words_member_with_score` AS select `mwh`.`member_id` AS `member_id`,`member`.`passwd` AS `passwd`,`member`.`can_make_question` AS `can_make_question`,coalesce((select avg(`mwh2`.`score`) from `member_word_history` `mwh2` where ((`mwh2`.`date_created` >= (now() - interval 30 day)) and (`mwh`.`member_id` = `mwh2`.`member_id`))),0) AS `avg_30`,coalesce((select avg(`mwh2`.`score`) from `member_word_history` `mwh2` where ((`mwh2`.`date_created` <= (now() - interval 31 day)) and (`mwh2`.`date_created` >= (now() - interval 60 day)) and (`mwh`.`member_id` = `mwh2`.`member_id`))),0) AS `avg_31_to_60`,coalesce((select avg(`mwh2`.`score`) from `member_word_history` `mwh2` where ((`mwh2`.`date_created` <= (now() - interval 61 day)) and (`mwh2`.`date_created` >= (now() - interval 90 day)) and (`mwh`.`member_id` = `mwh2`.`member_id`))),0) AS `avg_61_to_90`,coalesce((select avg(`mwh2`.`score`) from `member_word_history` `mwh2` where ((`mwh2`.`date_created` <= (now() - interval 91 day)) and (`mwh`.`member_id` = `mwh2`.`member_id`))),0) AS `avg_91_plus` from (`member_word_history` `mwh` join `words_member` `member` on((`mwh`.`member_id` = `member`.`member_id`))) group by `mwh`.`member_id` order by `mwh`.`date_created` desc limit 100 */;
/*!50001 SET character_set_client      = @saved_cs_client */;
/*!50001 SET character_set_results     = @saved_cs_results */;
/*!50001 SET collation_connection      = @saved_col_connection */;
/*!40103 SET TIME_ZONE=@OLD_TIME_ZONE */;

/*!40101 SET SQL_MODE=@OLD_SQL_MODE */;
/*!40014 SET FOREIGN_KEY_CHECKS=@OLD_FOREIGN_KEY_CHECKS */;
/*!40014 SET UNIQUE_CHECKS=@OLD_UNIQUE_CHECKS */;
/*!40101 SET CHARACTER_SET_CLIENT=@OLD_CHARACTER_SET_CLIENT */;
/*!40101 SET CHARACTER_SET_RESULTS=@OLD_CHARACTER_SET_RESULTS */;
/*!40101 SET COLLATION_CONNECTION=@OLD_COLLATION_CONNECTION */;
/*!40111 SET SQL_NOTES=@OLD_SQL_NOTES */;

-- Dump completed on 2017-11-30 12:51:00
